crop_id,crop_path,source_image,x1,y1,x2,y2,conf,plate_text
1,data/ocr_dataset/train/images/101_jpg.rf.cff4b6d6fd3e037489f9f61378243123_plate01.jpg,C:/Users/Farouk/Desktop/S-curit-routi-re-assist-e-par-la-vision-par-ordinateur/data/Tunisian license plate.v2i.yolov8/train/images/101_jpg.rf.cff4b6d6fd3e037489f9f61378243123.jpg,273.299,375.98865,368.46204,431.93896,0.9166250824928284,137 تونس 9189
2,data/ocr_dataset/train/images/102_jpg.rf.c77fa9d4f24723e7a5f983f6ca367330_plate01.jpg,C:/Users/Farouk/Desktop/S-curit-routi-re-assist-e-par-la-vision-par-ordinateur/data/Tunisian license plate.v2i.yolov8/train/images/102_jpg.rf.c77fa9d4f24723e7a5f983f6ca367330.jpg,73.67178,172.79672,342.81616,327.45322,0.82090163230896,59 تونس 127
3,data/ocr_dataset/train/images/103_jpg.rf.07b48b1903d78476dd440037c73623bd_plate01.jpg,C:/Users/Farouk/Desktop/S-curit-routi-re-assist-e-par-la-vision-par-ordinateur/data/Tunisian license plate.v2i.yolov8/train/images/103_jpg.rf.07b48b1903d78476dd440037c73623bd.jpg,282.1023,514.2868,396.96594,550.5251,0.8864374756813049,121 237 تونس
4,data/ocr_dataset/train/images/104_jpg.rf.7a986cf27ae9ebb902147a901cd2b772_plate01.jpg,C:/Users/Farouk/Desktop/S-curit-routi-re-assist-e-par-la-vision-par-ordinateur/data/Tunisian license plate.v2i.yolov8/train/images/104_jpg.rf.7a986cf27ae9ebb902147a901cd2b772.jpg,453.50677,566.9962,547.60077,639.2296,0.9331600666046144,6758 تونس 95
5,data/ocr_dataset/train/images/105_jpg.rf.2a086b103e0dba0ba9d2739cf1755091_plate01.jpg,C:/Users/Farouk/Desktop/S-curit-routi-re-assist-e-par-la-vision-par-ordinateur/data/Tunisian license plate.v2i.yolov8/train/images/105_jpg.rf.2a086b103e0dba0ba9d2739cf1755091.jpg,344.21277,383.60834,409.46826,431.7448,0.9132429957389832,8196 تونس 178
6,data/ocr_dataset/train/images/108_jpg.rf.2e4f1696343c825f15bc03065cefcd48_plate01.jpg,C:/Users/Farouk/Desktop/S-curit-routi-re-assist-e-par-la-vision-par-ordinateur/data/Tunisian license plate.v2i.yolov8/train/images/108_jpg.rf.2e4f1696343c825f15bc03065cefcd48.jpg,540.3582,115.290344,589.3786,414.12872,0.6180498003959656,3294 تونس 163
7,data/ocr_dataset/train/images/108_jpg.rf.2e4f1696343c825f15bc03065cefcd48_plate02.jpg,C:/Users/Farouk/Desktop/S-curit-routi-re-assist-e-par-la-vision-par-ordinateur/data/Tunisian license plate.v2i.yolov8/train/images/108_jpg.rf.2e4f1696343c825f15bc03065cefcd48.jpg,547.4712,176.80905,592.72314,438.8049,0.4281825721263885,3294 تونس 163
8,data/ocr_dataset/train/images/10_jpg.rf.5a7f36befc26fc9c1176f4eb42f2f341_plate01.jpg,C:/Users/Farouk/Desktop/S-curit-routi-re-assist-e-par-la-vision-par-ordinateur/data/Tunisian license plate.v2i.yolov8/train/images/10_jpg.rf.5a7f36befc26fc9c1176f4eb42f2f341.jpg,392.0608,417.77344,446.19043,459.8899,0.9301547408103944,1054 تونس 143
9,data/ocr_dataset/train/images/111_jpg.rf.dc5fd20ef39b1b3729eb6dfef224dd2f_plate01.jpg,C:/Users/Farouk/Desktop/S-curit-routi-re-assist-e-par-la-vision-par-ordinateur/data/Tunisian license plate.v2i.yolov8/train/images/111_jpg.rf.dc5fd20ef39b1b3729eb6dfef224dd2f.jpg,15.582756,407.48282,80.614204,503.7264,0.9335908889770508,6472 تونس 188
10,data/ocr_dataset/train/images/112_jpg.rf.1c43aa195c6cd75b4575be83d6f71902_plate01.jpg,C:/Users/Farouk/Desktop/S-curit-routi-re-assist-e-par-la-vision-par-ordinateur/data/Tunisian license plate.v2i.yolov8/train/images/112_jpg.rf.1c43aa195c6cd75b4575be83d6f71902.jpg,304.46472,308.00427,344.7917,458.30237,0.8397853970527649,
11,data/ocr_dataset/train/images/114_jpg.rf.2000718399d7fc4df9617438c593a311_plate01.jpg,C:/Users/Farouk/Desktop/S-curit-routi-re-assist-e-par-la-vision-par-ordinateur/data/Tunisian license plate.v2i.yolov8/train/images/114_jpg.rf.2000718399d7fc4df9617438c593a311.jpg,230.1455,487.02075,339.00146,528.2732,0.8907113075256348,
12,data/ocr_dataset/train/images/115_jpg.rf.a720e37b1ca2d961665e778194811df7_plate01.jpg,C:/Users/Farouk/Desktop/S-curit-routi-re-assist-e-par-la-vision-par-ordinateur/data/Tunisian license plate.v2i.yolov8/train/images/115_jpg.rf.a720e37b1ca2d961665e778194811df7.jpg,195.17386,408.30292,406.34012,448.1739,0.868503987789154,
13,data/ocr_dataset/train/images/116_jpg.rf.6d87861566bad94f0443dbd7a3fa13d3_plate01.jpg,C:/Users/Farouk/Desktop/S-curit-routi-re-assist-e-par-la-vision-par-ordinateur/data/Tunisian license plate.v2i.yolov8/train/images/116_jpg.rf.6d87861566bad94f0443dbd7a3fa13d3.jpg,102.83331,483.90643,252.63934,538.87335,0.8991683125495911,
14,data/ocr_dataset/train/images/11_jpg.rf.9e2f8149d255ddd239af5d837097fb32_plate01.jpg,C:/Users/Farouk/Desktop/S-curit-routi-re-assist-e-par-la-vision-par-ordinateur/data/Tunisian license plate.v2i.yolov8/train/images/11_jpg.rf.9e2f8149d255ddd239af5d837097fb32.jpg,277.8405,447.32227,419.2956,490.3249,0.8925117254257202,
15,data/ocr_dataset/train/images/128_jpg.rf.3a61f49ccd9d6295adbe5c8679d77009_plate01.jpg,C:/Users/Farouk/Desktop/S-curit-routi-re-assist-e-par-la-vision-par-ordinateur/data/Tunisian license plate.v2i.yolov8/train/images/128_jpg.rf.3a61f49ccd9d6295adbe5c8679d77009.jpg,243.8054,339.10254,393.19348,368.28693,0.8735485672950745,
16,data/ocr_dataset/train/images/129_jpg.rf.d1471bb23dc2d2ed65842377fcc05bdd_plate01.jpg,C:/Users/Farouk/Desktop/S-curit-routi-re-assist-e-par-la-vision-par-ordinateur/data/Tunisian license plate.v2i.yolov8/train/images/129_jpg.rf.d1471bb23dc2d2ed65842377fcc05bdd.jpg,206.87285,382.01196,389.99103,407.92676,0.8111955523490906,
17,data/ocr_dataset/train/images/12_jpg.rf.9306aa2e8b3b62ecc65abd2f90605eb8_plate01.jpg,C:/Users/Farouk/Desktop/S-curit-routi-re-assist-e-par-la-vision-par-ordinateur/data/Tunisian license plate.v2i.yolov8/train/images/12_jpg.rf.9306aa2e8b3b62ecc65abd2f90605eb8.jpg,181.18628,543.099,287.07935,600.1998,0.9358945488929749,
18,data/ocr_dataset/train/images/134_jpg.rf.bfb5e5d6d0607b61cbe9718a69242e8f_plate01.jpg,C:/Users/Farouk/Desktop/S-curit-routi-re-assist-e-par-la-vision-par-ordinateur/data/Tunisian license plate.v2i.yolov8/train/images/134_jpg.rf.bfb5e5d6d0607b61cbe9718a69242e8f.jpg,278.07245,197.76465,309.46747,449.7207,0.7825987339019775,
19,data/ocr_dataset/train/images/13_jpg.rf.0f4df22b301bcb392f4a81a87adcebe1_plate01.jpg,C:/Users/Farouk/Desktop/S-curit-routi-re-assist-e-par-la-vision-par-ordinateur/data/Tunisian license plate.v2i.yolov8/train/images/13_jpg.rf.0f4df22b301bcb392f4a81a87adcebe1.jpg,221.65622,453.8451,407.89914,532.48663,0.9205061793327332,
20,data/ocr_dataset/train/images/148_jpg.rf.293e789d0f6c1819f90c77bb4865d9ef_plate01.jpg,C:/Users/Farouk/Desktop/S-curit-routi-re-assist-e-par-la-vision-par-ordinateur/data/Tunisian license plate.v2i.yolov8/train/images/148_jpg.rf.293e789d0f6c1819f90c77bb4865d9ef.jpg,112.27178,262.83835,179.5943,334.59067,0.9139477014541626,
21,data/ocr_dataset/train/images/149_jpg.rf.d5512634e442f5d2dbd0fefb9541dc71_plate01.jpg,C:/Users/Farouk/Desktop/S-curit-routi-re-assist-e-par-la-vision-par-ordinateur/data/Tunisian license plate.v2i.yolov8/train/images/149_jpg.rf.d5512634e442f5d2dbd0fefb9541dc71.jpg,244.83723,385.65503,385.02997,412.6963,0.8693907856941223,
22,data/ocr_dataset/train/images/14_jpg.rf.d5185b558da6a8235b00c8c5e2a5b0cf_plate01.jpg,C:/Users/Farouk/Desktop/S-curit-routi-re-assist-e-par-la-vision-par-ordinateur/data/Tunisian license plate.v2i.yolov8/train/images/14_jpg.rf.d5185b558da6a8235b00c8c5e2a5b0cf.jpg,222.13564,500.45697,367.5525,558.07684,0.912591516971588,
23,data/ocr_dataset/train/images/158_jpg.rf.81c003a416cfa1978cb7f44aa88fb177_plate01.jpg,C:/Users/Farouk/Desktop/S-curit-routi-re-assist-e-par-la-vision-par-ordinateur/data/Tunisian license plate.v2i.yolov8/train/images/158_jpg.rf.81c003a416cfa1978cb7f44aa88fb177.jpg,390.85184,142.60583,419.39212,312.14047,0.8582425117492676,
24,data/ocr_dataset/train/images/159_jpg.rf.23c3ac7f039dba7e26467f89e22fd65f_plate01.jpg,C:/Users/Farouk/Desktop/S-curit-routi-re-assist-e-par-la-vision-par-ordinateur/data/Tunisian license plate.v2i.yolov8/train/images/159_jpg.rf.23c3ac7f039dba7e26467f89e22fd65f.jpg,96.74203,363.74622,220.93503,410.76984,0.9044820666313172,
25,data/ocr_dataset/train/images/15_jpg.rf.bd93cf0e5982a4474a35fafb4923f77c_plate01.jpg,C:/Users/Farouk/Desktop/S-curit-routi-re-assist-e-par-la-vision-par-ordinateur/data/Tunisian license plate.v2i.yolov8/train/images/15_jpg.rf.bd93cf0e5982a4474a35fafb4923f77c.jpg,110.26767,446.32266,289.27545,474.2142,0.8387119174003601,
26,data/ocr_dataset/train/images/160_jpg.rf.820c6d0a7539c1711562ddf18716b8d4_plate01.jpg,C:/Users/Farouk/Desktop/S-curit-routi-re-assist-e-par-la-vision-par-ordinateur/data/Tunisian license plate.v2i.yolov8/train/images/160_jpg.rf.820c6d0a7539c1711562ddf18716b8d4.jpg,212.24881,509.5722,395.7255,574.0701,0.9117471575737,
27,data/ocr_dataset/train/images/161_jpg.rf.288ba584616ff220aa6d7dc3e796e6fe_plate01.jpg,C:/Users/Farouk/Desktop/S-curit-routi-re-assist-e-par-la-vision-par-ordinateur/data/Tunisian license plate.v2i.yolov8/train/images/161_jpg.rf.288ba584616ff220aa6d7dc3e796e6fe.jpg,236.97433,226.72049,414.33572,248.3552,0.825058102607727,
28,data/ocr_dataset/train/images/164_jpg.rf.39bdd89b5840a4d8265d1b65b88a4aec_plate01.jpg,C:/Users/Farouk/Desktop/S-curit-routi-re-assist-e-par-la-vision-par-ordinateur/data/Tunisian license plate.v2i.yolov8/train/images/164_jpg.rf.39bdd89b5840a4d8265d1b65b88a4aec.jpg,229.42249,395.9126,424.0293,427.87952,0.8514306545257568,
29,data/ocr_dataset/train/images/165_jpg.rf.bf13843af6c51738ae7d200944d0f242_plate01.jpg,C:/Users/Farouk/Desktop/S-curit-routi-re-assist-e-par-la-vision-par-ordinateur/data/Tunisian license plate.v2i.yolov8/train/images/165_jpg.rf.bf13843af6c51738ae7d200944d0f242.jpg,239.61102,396.75635,394.43695,439.76318,0.8900085091590881,
30,data/ocr_dataset/train/images/166_jpg.rf.53ee5ba9229fb43af033aee6ca2d4ecb_plate01.jpg,C:/Users/Farouk/Desktop/S-curit-routi-re-assist-e-par-la-vision-par-ordinateur/data/Tunisian license plate.v2i.yolov8/train/images/166_jpg.rf.53ee5ba9229fb43af033aee6ca2d4ecb.jpg,212.7581,566.8236,417.9876,593.4601,0.8434819579124451,
31,data/ocr_dataset/train/images/167_jpg.rf.3f80b528082633802808059cf937db53_plate01.jpg,C:/Users/Farouk/Desktop/S-curit-routi-re-assist-e-par-la-vision-par-ordinateur/data/Tunisian license plate.v2i.yolov8/train/images/167_jpg.rf.3f80b528082633802808059cf937db53.jpg,331.2798,364.57404,406.35577,422.6867,0.9227105379104614,
32,data/ocr_dataset/train/images/16_jpg.rf.083879fc7a3830af6ff235f9d1a2f5b8_plate01.jpg,C:/Users/Farouk/Desktop/S-curit-routi-re-assist-e-par-la-vision-par-ordinateur/data/Tunisian license plate.v2i.yolov8/train/images/16_jpg.rf.083879fc7a3830af6ff235f9d1a2f5b8.jpg,225.82356,369.78992,374.98846,416.02173,0.9069819450378418,
33,data/ocr_dataset/train/images/170_jpg.rf.6d1ba242005755cb359eecf854fb116a_plate01.jpg,C:/Users/Farouk/Desktop/S-curit-routi-re-assist-e-par-la-vision-par-ordinateur/data/Tunisian license plate.v2i.yolov8/train/images/170_jpg.rf.6d1ba242005755cb359eecf854fb116a.jpg,304.05615,331.61063,401.13098,363.5392,0.8774012923240662,
34,data/ocr_dataset/train/images/171_jpg.rf.c655e19d6e4a9475ac1df81ead486a90_plate01.jpg,C:/Users/Farouk/Desktop/S-curit-routi-re-assist-e-par-la-vision-par-ordinateur/data/Tunisian license plate.v2i.yolov8/train/images/171_jpg.rf.c655e19d6e4a9475ac1df81ead486a90.jpg,97.090645,417.80716,171.62976,474.9727,0.9279608130455016,
35,data/ocr_dataset/train/images/172_jpg.rf.c74fdc584af91977d8ff254dc5b3e18f_plate01.jpg,C:/Users/Farouk/Desktop/S-curit-routi-re-assist-e-par-la-vision-par-ordinateur/data/Tunisian license plate.v2i.yolov8/train/images/172_jpg.rf.c74fdc584af91977d8ff254dc5b3e18f.jpg,250.67302,528.73676,366.51263,603.3133,0.9292526245117188,
36,data/ocr_dataset/train/images/173_jpg.rf.97aded6551dc7d555fd3dcf7d18d139f_plate01.jpg,C:/Users/Farouk/Desktop/S-curit-routi-re-assist-e-par-la-vision-par-ordinateur/data/Tunisian license plate.v2i.yolov8/train/images/173_jpg.rf.97aded6551dc7d555fd3dcf7d18d139f.jpg,72.203156,455.0364,256.26013,493.54855,0.8785620331764221,
37,data/ocr_dataset/train/images/174_jpg.rf.b99b3f188b34c1c4f85d5d222ffdc13f_plate01.jpg,C:/Users/Farouk/Desktop/S-curit-routi-re-assist-e-par-la-vision-par-ordinateur/data/Tunisian license plate.v2i.yolov8/train/images/174_jpg.rf.b99b3f188b34c1c4f85d5d222ffdc13f.jpg,216.29947,304.20383,397.5015,327.44064,0.8200953602790833,
38,data/ocr_dataset/train/images/175_jpg.rf.53434a08144b5b5675ff1bc9f3fa4228_plate01.jpg,C:/Users/Farouk/Desktop/S-curit-routi-re-assist-e-par-la-vision-par-ordinateur/data/Tunisian license plate.v2i.yolov8/train/images/175_jpg.rf.53434a08144b5b5675ff1bc9f3fa4228.jpg,239.09073,490.28235,421.303,556.79297,0.9147555232048036,
39,data/ocr_dataset/train/images/177_jpg.rf.6b6b3891d030dd75cb75174441845544_plate01.jpg,C:/Users/Farouk/Desktop/S-curit-routi-re-assist-e-par-la-vision-par-ordinateur/data/Tunisian license plate.v2i.yolov8/train/images/177_jpg.rf.6b6b3891d030dd75cb75174441845544.jpg,221.74135,452.51807,396.60217,477.3197,0.8656561374664307,
40,data/ocr_dataset/train/images/17_jpg.rf.7ae161119cc6b2ec1365015e8ed075da_plate01.jpg,C:/Users/Farouk/Desktop/S-curit-routi-re-assist-e-par-la-vision-par-ordinateur/data/Tunisian license plate.v2i.yolov8/train/images/17_jpg.rf.7ae161119cc6b2ec1365015e8ed075da.jpg,152.92548,516.042,285.248,621.9226,0.9331820011138916,
41,data/ocr_dataset/train/images/188_jpg.rf.172a63386e90e4cbe1a18774d3ded331_plate01.jpg,C:/Users/Farouk/Desktop/S-curit-routi-re-assist-e-par-la-vision-par-ordinateur/data/Tunisian license plate.v2i.yolov8/train/images/188_jpg.rf.172a63386e90e4cbe1a18774d3ded331.jpg,214.61285,312.51135,417.76416,363.44727,0.9127975702285768,
42,data/ocr_dataset/train/images/198_jpg.rf.b7a7093943cf68045cf1d31e3b654469_plate01.jpg,C:/Users/Farouk/Desktop/S-curit-routi-re-assist-e-par-la-vision-par-ordinateur/data/Tunisian license plate.v2i.yolov8/train/images/198_jpg.rf.b7a7093943cf68045cf1d31e3b654469.jpg,228.67473,346.60004,334.248,364.08405,0.8507041335105896,
43,data/ocr_dataset/train/images/203_jpg.rf.39ac4e69dd92e756bca665e61fb3c52a_plate01.jpg,C:/Users/Farouk/Desktop/S-curit-routi-re-assist-e-par-la-vision-par-ordinateur/data/Tunisian license plate.v2i.yolov8/train/images/203_jpg.rf.39ac4e69dd92e756bca665e61fb3c52a.jpg,134.78528,439.6081,197.24286,518.84265,0.927661657333374,
44,data/ocr_dataset/train/images/205_jpg.rf.24e598173b933215681462defa803fbe_plate01.jpg,C:/Users/Farouk/Desktop/S-curit-routi-re-assist-e-par-la-vision-par-ordinateur/data/Tunisian license plate.v2i.yolov8/train/images/205_jpg.rf.24e598173b933215681462defa803fbe.jpg,435.95972,468.84125,521.2759,523.8279,0.913869559764862,
45,data/ocr_dataset/train/images/206_jpg.rf.bd4cd90bd4e5541db9df057dcb8ee9ea_plate01.jpg,C:/Users/Farouk/Desktop/S-curit-routi-re-assist-e-par-la-vision-par-ordinateur/data/Tunisian license plate.v2i.yolov8/train/images/206_jpg.rf.bd4cd90bd4e5541db9df057dcb8ee9ea.jpg,151.18896,419.99454,327.36533,453.3549,0.8647211790084839,
46,data/ocr_dataset/train/images/207_jpg.rf.773446c2c0d6bc3da6f29134aaad5e6f_plate01.jpg,C:/Users/Farouk/Desktop/S-curit-routi-re-assist-e-par-la-vision-par-ordinateur/data/Tunisian license plate.v2i.yolov8/train/images/207_jpg.rf.773446c2c0d6bc3da6f29134aaad5e6f.jpg,379.10388,217.46973,402.5912,392.74847,0.8322933316230774,
47,data/ocr_dataset/train/images/210_jpg.rf.0b0827a145d5cf0bc7d78f9f81d5dd80_plate01.jpg,C:/Users/Farouk/Desktop/S-curit-routi-re-assist-e-par-la-vision-par-ordinateur/data/Tunisian license plate.v2i.yolov8/train/images/210_jpg.rf.0b0827a145d5cf0bc7d78f9f81d5dd80.jpg,226.53479,411.29108,363.1928,465.05292,0.921135187149048,
48,data/ocr_dataset/train/images/211_jpg.rf.06b39d8190181ac26732a53463785ae9_plate01.jpg,C:/Users/Farouk/Desktop/S-curit-routi-re-assist-e-par-la-vision-par-ordinateur/data/Tunisian license plate.v2i.yolov8/train/images/211_jpg.rf.06b39d8190181ac26732a53463785ae9.jpg,207.09033,379.66327,425.8498,409.17108,0.8367018699645996,
49,data/ocr_dataset/train/images/216_jpg.rf.cf7ac5d1b8696d1cf6c590920b814c41_plate01.jpg,C:/Users/Farouk/Desktop/S-curit-routi-re-assist-e-par-la-vision-par-ordinateur/data/Tunisian license plate.v2i.yolov8/train/images/216_jpg.rf.cf7ac5d1b8696d1cf6c590920b814c41.jpg,93.06509,469.80182,209.59464,532.2639,0.8872807621955872,
50,data/ocr_dataset/train/images/217_jpg.rf.8e9147c1984c9802ba7e13a13372d954_plate01.jpg,C:/Users/Farouk/Desktop/S-curit-routi-re-assist-e-par-la-vision-par-ordinateur/data/Tunisian license plate.v2i.yolov8/train/images/217_jpg.rf.8e9147c1984c9802ba7e13a13372d954.jpg,167.95065,305.8532,240.76877,343.54767,0.8818294405937195,
51,data/ocr_dataset/train/images/21_jpg.rf.5e9ac4ff292a0b8b5f0b2a0e09012cc5_plate01.jpg,C:/Users/Farouk/Desktop/S-curit-routi-re-assist-e-par-la-vision-par-ordinateur/data/Tunisian license plate.v2i.yolov8/train/images/21_jpg.rf.5e9ac4ff292a0b8b5f0b2a0e09012cc5.jpg,267.14575,507.56696,430.47388,549.9981,0.8759471774101257,
52,data/ocr_dataset/train/images/239_jpg.rf.3ffc7de2efffb8f47a0935d9309e2e2e_plate01.jpg,C:/Users/Farouk/Desktop/S-curit-routi-re-assist-e-par-la-vision-par-ordinateur/data/Tunisian license plate.v2i.yolov8/train/images/239_jpg.rf.3ffc7de2efffb8f47a0935d9309e2e2e.jpg,269.19742,183.53992,342.6326,204.31555,0.8413456082344055,
53,data/ocr_dataset/train/images/248_jpg.rf.868b9ecd47f0c7538b5db2c5da0970c7_plate01.jpg,C:/Users/Farouk/Desktop/S-curit-routi-re-assist-e-par-la-vision-par-ordinateur/data/Tunisian license plate.v2i.yolov8/train/images/248_jpg.rf.868b9ecd47f0c7538b5db2c5da0970c7.jpg,165.65216,408.11053,296.911,444.67242,0.8857645392417908,
54,data/ocr_dataset/train/images/249_jpg.rf.e3fc1f5c054009f4e94aff2d51726c23_plate01.jpg,C:/Users/Farouk/Desktop/S-curit-routi-re-assist-e-par-la-vision-par-ordinateur/data/Tunisian license plate.v2i.yolov8/train/images/249_jpg.rf.e3fc1f5c054009f4e94aff2d51726c23.jpg,197.2779,301.29898,393.35852,334.65775,0.8548310995101929,
55,data/ocr_dataset/train/images/257_jpg.rf.99c1c6e429b4d4b9632a94575dd7eae2_plate01.jpg,C:/Users/Farouk/Desktop/S-curit-routi-re-assist-e-par-la-vision-par-ordinateur/data/Tunisian license plate.v2i.yolov8/train/images/257_jpg.rf.99c1c6e429b4d4b9632a94575dd7eae2.jpg,135.78326,335.82056,289.4066,373.16827,0.8607705235481262,
56,data/ocr_dataset/train/images/258_jpg.rf.8b2d3ff66a1ba11cd4670f293ab2a2de_plate01.jpg,C:/Users/Farouk/Desktop/S-curit-routi-re-assist-e-par-la-vision-par-ordinateur/data/Tunisian license plate.v2i.yolov8/train/images/258_jpg.rf.8b2d3ff66a1ba11cd4670f293ab2a2de.jpg,145.68501,428.90588,425.5611,463.47632,0.8396048545837402,
57,data/ocr_dataset/train/images/261_jpg.rf.d00efa726e0851fd2bb45784955f4f27_plate01.jpg,C:/Users/Farouk/Desktop/S-curit-routi-re-assist-e-par-la-vision-par-ordinateur/data/Tunisian license plate.v2i.yolov8/train/images/261_jpg.rf.d00efa726e0851fd2bb45784955f4f27.jpg,214.35669,554.9916,394.30286,620.9706,0.9223961234092712,
58,data/ocr_dataset/train/images/263_jpg.rf.6ab04b3bd828dbdd0dba317145c663c1_plate01.jpg,C:/Users/Farouk/Desktop/S-curit-routi-re-assist-e-par-la-vision-par-ordinateur/data/Tunisian license plate.v2i.yolov8/train/images/263_jpg.rf.6ab04b3bd828dbdd0dba317145c663c1.jpg,402.0174,186.09625,428.02386,410.55615,0.8009964823722839,
59,data/ocr_dataset/train/images/265_jpg.rf.b2510aee22956bc1dfe8784b5262aae1_plate01.jpg,C:/Users/Farouk/Desktop/S-curit-routi-re-assist-e-par-la-vision-par-ordinateur/data/Tunisian license plate.v2i.yolov8/train/images/265_jpg.rf.b2510aee22956bc1dfe8784b5262aae1.jpg,69.53586,508.73105,335.64905,569.05334,0.8670058250427246,
60,data/ocr_dataset/train/images/272_jpg.rf.830609436331e8cb1090985296f930da_plate01.jpg,C:/Users/Farouk/Desktop/S-curit-routi-re-assist-e-par-la-vision-par-ordinateur/data/Tunisian license plate.v2i.yolov8/train/images/272_jpg.rf.830609436331e8cb1090985296f930da.jpg,345.5592,302.23837,509.1942,338.54495,0.8713029026985168,
61,data/ocr_dataset/train/images/276_jpg.rf.df328a67509de86ad9584b22a055090f_plate01.jpg,C:/Users/Farouk/Desktop/S-curit-routi-re-assist-e-par-la-vision-par-ordinateur/data/Tunisian license plate.v2i.yolov8/train/images/276_jpg.rf.df328a67509de86ad9584b22a055090f.jpg,212.73639,478.3796,334.56897,554.3362,0.9374542832374572,
62,data/ocr_dataset/train/images/280_jpg.rf.84a553158772e75da04f8723589af8f0_plate01.jpg,C:/Users/Farouk/Desktop/S-curit-routi-re-assist-e-par-la-vision-par-ordinateur/data/Tunisian license plate.v2i.yolov8/train/images/280_jpg.rf.84a553158772e75da04f8723589af8f0.jpg,268.61542,396.3994,437.9229,423.70087,0.8442189693450928,
63,data/ocr_dataset/train/images/281_jpg.rf.9ab7b579d6ce56e17fd487522a9aab9e_plate01.jpg,C:/Users/Farouk/Desktop/S-curit-routi-re-assist-e-par-la-vision-par-ordinateur/data/Tunisian license plate.v2i.yolov8/train/images/281_jpg.rf.9ab7b579d6ce56e17fd487522a9aab9e.jpg,301.88257,370.38928,415.03882,411.5346,0.9113634824752808,
64,data/ocr_dataset/train/images/288_jpg.rf.8917f023915096e86dd47ccbafcdd684_plate01.jpg,C:/Users/Farouk/Desktop/S-curit-routi-re-assist-e-par-la-vision-par-ordinateur/data/Tunisian license plate.v2i.yolov8/train/images/288_jpg.rf.8917f023915096e86dd47ccbafcdd684.jpg,273.91895,402.3252,372.23853,437.89954,0.8968848586082458,
65,data/ocr_dataset/train/images/289_jpg.rf.4a617c717eeebaca94a1c3190ec58e3d_plate01.jpg,C:/Users/Farouk/Desktop/S-curit-routi-re-assist-e-par-la-vision-par-ordinateur/data/Tunisian license plate.v2i.yolov8/train/images/289_jpg.rf.4a617c717eeebaca94a1c3190ec58e3d.jpg,245.69237,534.8332,427.90234,594.35187,0.8970015048980713,
66,data/ocr_dataset/train/images/294_jpg.rf.254a4b54285162b426534086ede4c7ea_plate01.jpg,C:/Users/Farouk/Desktop/S-curit-routi-re-assist-e-par-la-vision-par-ordinateur/data/Tunisian license plate.v2i.yolov8/train/images/294_jpg.rf.254a4b54285162b426534086ede4c7ea.jpg,484.70105,424.25818,593.2389,501.9104,0.9202160835266112,
67,data/ocr_dataset/train/images/295_jpg.rf.735ce3259e90995fa7df2fae959743c3_plate01.jpg,C:/Users/Farouk/Desktop/S-curit-routi-re-assist-e-par-la-vision-par-ordinateur/data/Tunisian license plate.v2i.yolov8/train/images/295_jpg.rf.735ce3259e90995fa7df2fae959743c3.jpg,255.17238,361.23914,415.24,387.01135,0.843071699142456,
68,data/ocr_dataset/train/images/298_jpg.rf.8a121edbbc50952bfd96071e3024f7c1_plate01.jpg,C:/Users/Farouk/Desktop/S-curit-routi-re-assist-e-par-la-vision-par-ordinateur/data/Tunisian license plate.v2i.yolov8/train/images/298_jpg.rf.8a121edbbc50952bfd96071e3024f7c1.jpg,254.3163,405.3797,464.27698,438.70428,0.8627179861068726,
69,data/ocr_dataset/train/images/300_jpg.rf.ed2247f695d0e356117b0c6dc75d10c2_plate01.jpg,C:/Users/Farouk/Desktop/S-curit-routi-re-assist-e-par-la-vision-par-ordinateur/data/Tunisian license plate.v2i.yolov8/train/images/300_jpg.rf.ed2247f695d0e356117b0c6dc75d10c2.jpg,398.6631,368.43768,521.05164,409.01764,0.8985496759414673,
70,data/ocr_dataset/train/images/301_jpg.rf.42a95c3283c11cdd93a02b526315688c_plate01.jpg,C:/Users/Farouk/Desktop/S-curit-routi-re-assist-e-par-la-vision-par-ordinateur/data/Tunisian license plate.v2i.yolov8/train/images/301_jpg.rf.42a95c3283c11cdd93a02b526315688c.jpg,211.98224,468.93002,428.38434,503.02475,0.8774885535240173,
71,data/ocr_dataset/train/images/302_jpg.rf.60ad33038f5827d5713146d490a21b90_plate01.jpg,C:/Users/Farouk/Desktop/S-curit-routi-re-assist-e-par-la-vision-par-ordinateur/data/Tunisian license plate.v2i.yolov8/train/images/302_jpg.rf.60ad33038f5827d5713146d490a21b90.jpg,229.9436,482.4204,430.1457,512.14795,0.8507415056228638,
72,data/ocr_dataset/train/images/304_jpg.rf.5134df14e7aeccea14ae57163f92b259_plate01.jpg,C:/Users/Farouk/Desktop/S-curit-routi-re-assist-e-par-la-vision-par-ordinateur/data/Tunisian license plate.v2i.yolov8/train/images/304_jpg.rf.5134df14e7aeccea14ae57163f92b259.jpg,254.67172,416.55597,430.64438,439.48163,0.8015100359916687,
73,data/ocr_dataset/train/images/305_jpg.rf.973d4758c74b5adeba7fa65601e506ef_plate01.jpg,C:/Users/Farouk/Desktop/S-curit-routi-re-assist-e-par-la-vision-par-ordinateur/data/Tunisian license plate.v2i.yolov8/train/images/305_jpg.rf.973d4758c74b5adeba7fa65601e506ef.jpg,220.84639,363.77588,413.94904,387.65845,0.8086027503013611,
74,data/ocr_dataset/train/images/306_jpg.rf.fcd009fdf78bd32474b71cd9e98e4c5f_plate01.jpg,C:/Users/Farouk/Desktop/S-curit-routi-re-assist-e-par-la-vision-par-ordinateur/data/Tunisian license plate.v2i.yolov8/train/images/306_jpg.rf.fcd009fdf78bd32474b71cd9e98e4c5f.jpg,223.44089,350.12082,371.19638,374.56192,0.8425452709197998,
75,data/ocr_dataset/train/images/307_jpg.rf.6a95920445c9e9ebbfe56d8d40589e3c_plate01.jpg,C:/Users/Farouk/Desktop/S-curit-routi-re-assist-e-par-la-vision-par-ordinateur/data/Tunisian license plate.v2i.yolov8/train/images/307_jpg.rf.6a95920445c9e9ebbfe56d8d40589e3c.jpg,239.53546,388.175,422.61786,413.86554,0.8535119891166687,
76,data/ocr_dataset/train/images/310_jpg.rf.e4f4d7099ecc7bb7a6291f39c2e8b860_plate01.jpg,C:/Users/Farouk/Desktop/S-curit-routi-re-assist-e-par-la-vision-par-ordinateur/data/Tunisian license plate.v2i.yolov8/train/images/310_jpg.rf.e4f4d7099ecc7bb7a6291f39c2e8b860.jpg,346.65344,475.71014,476.8039,531.362,0.9162082076072692,
77,data/ocr_dataset/train/images/311_jpg.rf.7622a86ece1038b1802fceb07c755787_plate01.jpg,C:/Users/Farouk/Desktop/S-curit-routi-re-assist-e-par-la-vision-par-ordinateur/data/Tunisian license plate.v2i.yolov8/train/images/311_jpg.rf.7622a86ece1038b1802fceb07c755787.jpg,140.44649,465.38174,216.2184,504.23648,0.9071459174156188,
78,data/ocr_dataset/train/images/312_jpg.rf.2926e264d28f8e4dafc0fdff63294f7b_plate01.jpg,C:/Users/Farouk/Desktop/S-curit-routi-re-assist-e-par-la-vision-par-ordinateur/data/Tunisian license plate.v2i.yolov8/train/images/312_jpg.rf.2926e264d28f8e4dafc0fdff63294f7b.jpg,266.013,395.0401,350.09747,429.6234,0.8768103718757629,
79,data/ocr_dataset/train/images/313_jpg.rf.95941da60d55e58afbeb69b35e7057c5_plate01.jpg,C:/Users/Farouk/Desktop/S-curit-routi-re-assist-e-par-la-vision-par-ordinateur/data/Tunisian license plate.v2i.yolov8/train/images/313_jpg.rf.95941da60d55e58afbeb69b35e7057c5.jpg,263.79486,436.25485,385.91217,472.11288,0.8963926434516907,
80,data/ocr_dataset/train/images/315_jpg.rf.a08a1e735f56c51d95c90d6a5482c787_plate01.jpg,C:/Users/Farouk/Desktop/S-curit-routi-re-assist-e-par-la-vision-par-ordinateur/data/Tunisian license plate.v2i.yolov8/train/images/315_jpg.rf.a08a1e735f56c51d95c90d6a5482c787.jpg,250.08832,418.1512,377.98712,465.77213,0.9151212573051452,
81,data/ocr_dataset/train/images/316_jpg.rf.418f8e7508d09337ff05007ff9e698d8_plate01.jpg,C:/Users/Farouk/Desktop/S-curit-routi-re-assist-e-par-la-vision-par-ordinateur/data/Tunisian license plate.v2i.yolov8/train/images/316_jpg.rf.418f8e7508d09337ff05007ff9e698d8.jpg,197.64062,339.69843,331.6313,362.74384,0.8434543609619141,
82,data/ocr_dataset/train/images/317_jpg.rf.119abed2be67f69ad073738a10784775_plate01.jpg,C:/Users/Farouk/Desktop/S-curit-routi-re-assist-e-par-la-vision-par-ordinateur/data/Tunisian license plate.v2i.yolov8/train/images/317_jpg.rf.119abed2be67f69ad073738a10784775.jpg,81.35428,443.8615,226.37183,514.32544,0.924601912498474,
83,data/ocr_dataset/train/images/322_jpg.rf.63b20ab552e24eaeb1b599e693620dde_plate01.jpg,C:/Users/Farouk/Desktop/S-curit-routi-re-assist-e-par-la-vision-par-ordinateur/data/Tunisian license plate.v2i.yolov8/train/images/322_jpg.rf.63b20ab552e24eaeb1b599e693620dde.jpg,175.4516,488.08023,288.9165,536.0775,0.924141526222229,
84,data/ocr_dataset/train/images/328_jpg.rf.152c5d8479a672a40851b11aa6a2112a_plate01.jpg,C:/Users/Farouk/Desktop/S-curit-routi-re-assist-e-par-la-vision-par-ordinateur/data/Tunisian license plate.v2i.yolov8/train/images/328_jpg.rf.152c5d8479a672a40851b11aa6a2112a.jpg,473.28494,414.44434,617.19653,518.356,0.9473381042480468,
85,data/ocr_dataset/train/images/329_jpg.rf.8b9ff2abbb00fb7ef346f7328d4cd4bc_plate01.jpg,C:/Users/Farouk/Desktop/S-curit-routi-re-assist-e-par-la-vision-par-ordinateur/data/Tunisian license plate.v2i.yolov8/train/images/329_jpg.rf.8b9ff2abbb00fb7ef346f7328d4cd4bc.jpg,228.23264,348.94073,448.69077,373.94916,0.822693943977356,
86,data/ocr_dataset/train/images/336_jpg.rf.24644edab3112039d7524c2b6e52b480_plate01.jpg,C:/Users/Farouk/Desktop/S-curit-routi-re-assist-e-par-la-vision-par-ordinateur/data/Tunisian license plate.v2i.yolov8/train/images/336_jpg.rf.24644edab3112039d7524c2b6e52b480.jpg,272.46503,455.91443,400.6385,486.05273,0.8771775960922241,
87,data/ocr_dataset/train/images/337_jpg.rf.6325de572d6e7c36595b376f40ff7aa9_plate01.jpg,C:/Users/Farouk/Desktop/S-curit-routi-re-assist-e-par-la-vision-par-ordinateur/data/Tunisian license plate.v2i.yolov8/train/images/337_jpg.rf.6325de572d6e7c36595b376f40ff7aa9.jpg,281.51868,485.9829,388.40466,529.47687,0.8959167003631592,
88,data/ocr_dataset/train/images/338_jpg.rf.4cf7783dde13cf3affbb2ab0a3a2b343_plate01.jpg,C:/Users/Farouk/Desktop/S-curit-routi-re-assist-e-par-la-vision-par-ordinateur/data/Tunisian license plate.v2i.yolov8/train/images/338_jpg.rf.4cf7783dde13cf3affbb2ab0a3a2b343.jpg,229.71333,441.95663,377.1175,478.97256,0.8891845345497131,
89,data/ocr_dataset/train/images/339_jpg.rf.a59740114be372f4dddc914eb145e434_plate01.jpg,C:/Users/Farouk/Desktop/S-curit-routi-re-assist-e-par-la-vision-par-ordinateur/data/Tunisian license plate.v2i.yolov8/train/images/339_jpg.rf.a59740114be372f4dddc914eb145e434.jpg,275.6599,242.05685,303.6521,421.32584,0.8361419439315796,
90,data/ocr_dataset/train/images/349_jpg.rf.578b840f586e93dbfe483bd2f8757857_plate01.jpg,C:/Users/Farouk/Desktop/S-curit-routi-re-assist-e-par-la-vision-par-ordinateur/data/Tunisian license plate.v2i.yolov8/train/images/349_jpg.rf.578b840f586e93dbfe483bd2f8757857.jpg,497.98102,350.80902,559.4527,424.66046,0.913292109966278,
91,data/ocr_dataset/train/images/358_jpg.rf.91e2638fa1bf9018c55fe646a5e293bb_plate01.jpg,C:/Users/Farouk/Desktop/S-curit-routi-re-assist-e-par-la-vision-par-ordinateur/data/Tunisian license plate.v2i.yolov8/train/images/358_jpg.rf.91e2638fa1bf9018c55fe646a5e293bb.jpg,67.6774,323.52692,329.1119,357.7574,0.8153040409088135,
92,data/ocr_dataset/train/images/359_jpg.rf.37f838b508e3564434f840653b496a9a_plate01.jpg,C:/Users/Farouk/Desktop/S-curit-routi-re-assist-e-par-la-vision-par-ordinateur/data/Tunisian license plate.v2i.yolov8/train/images/359_jpg.rf.37f838b508e3564434f840653b496a9a.jpg,40.86728,378.40454,143.8848,438.2517,0.8815743923187256,
93,data/ocr_dataset/train/images/35_jpg.rf.746ec3debd95a14d0857896cd42c67ab_plate01.jpg,C:/Users/Farouk/Desktop/S-curit-routi-re-assist-e-par-la-vision-par-ordinateur/data/Tunisian license plate.v2i.yolov8/train/images/35_jpg.rf.746ec3debd95a14d0857896cd42c67ab.jpg,192.19136,469.70673,345.25104,535.9793,0.9293615818023682,
94,data/ocr_dataset/train/images/363_jpg.rf.7824e0e5869da0c8d279847be3dd3e19_plate01.jpg,C:/Users/Farouk/Desktop/S-curit-routi-re-assist-e-par-la-vision-par-ordinateur/data/Tunisian license plate.v2i.yolov8/train/images/363_jpg.rf.7824e0e5869da0c8d279847be3dd3e19.jpg,236.41162,416.41797,445.4179,446.35577,0.8491384387016296,
95,data/ocr_dataset/train/images/366_jpg.rf.c90c7f28b6fbfe1ecf6cc63d728eb0d3_plate01.jpg,C:/Users/Farouk/Desktop/S-curit-routi-re-assist-e-par-la-vision-par-ordinateur/data/Tunisian license plate.v2i.yolov8/train/images/366_jpg.rf.c90c7f28b6fbfe1ecf6cc63d728eb0d3.jpg,74.48572,378.9732,152.08887,469.95502,0.9226312637329102,
96,data/ocr_dataset/train/images/367_jpg.rf.aac79d40b410254335e4fd6ab3d1252f_plate01.jpg,C:/Users/Farouk/Desktop/S-curit-routi-re-assist-e-par-la-vision-par-ordinateur/data/Tunisian license plate.v2i.yolov8/train/images/367_jpg.rf.aac79d40b410254335e4fd6ab3d1252f.jpg,269.38464,370.37823,453.10907,401.7752,0.8374197483062744,
97,data/ocr_dataset/train/images/370_jpg.rf.ce8856add03874954a5d8ae59ff5dcaa_plate01.jpg,C:/Users/Farouk/Desktop/S-curit-routi-re-assist-e-par-la-vision-par-ordinateur/data/Tunisian license plate.v2i.yolov8/train/images/370_jpg.rf.ce8856add03874954a5d8ae59ff5dcaa.jpg,299.9771,247.14105,445.28546,281.88123,0.8855208158493042,
98,data/ocr_dataset/train/images/371_jpg.rf.e5c3ef3b68d63d60b8db3ff9836da707_plate01.jpg,C:/Users/Farouk/Desktop/S-curit-routi-re-assist-e-par-la-vision-par-ordinateur/data/Tunisian license plate.v2i.yolov8/train/images/371_jpg.rf.e5c3ef3b68d63d60b8db3ff9836da707.jpg,303.5224,100.84548,326.1126,234.48074,0.7540450692176819,
99,data/ocr_dataset/train/images/373_jpg.rf.00cac88fe40db136115730b2be5f3071_plate01.jpg,C:/Users/Farouk/Desktop/S-curit-routi-re-assist-e-par-la-vision-par-ordinateur/data/Tunisian license plate.v2i.yolov8/train/images/373_jpg.rf.00cac88fe40db136115730b2be5f3071.jpg,144.35379,355.94113,341.67407,386.91037,0.8601734042167664,
100,data/ocr_dataset/train/images/375_jpg.rf.dee2894574e4b4dc0efbc91d72f00b20_plate01.jpg,C:/Users/Farouk/Desktop/S-curit-routi-re-assist-e-par-la-vision-par-ordinateur/data/Tunisian license plate.v2i.yolov8/train/images/375_jpg.rf.dee2894574e4b4dc0efbc91d72f00b20.jpg,521.47046,385.78644,605.3241,493.21283,0.9380829334259032,
101,data/ocr_dataset/train/images/376_jpg.rf.61dd2f9f68708b0159ab1e8b97cc1f6f_plate01.jpg,C:/Users/Farouk/Desktop/S-curit-routi-re-assist-e-par-la-vision-par-ordinateur/data/Tunisian license plate.v2i.yolov8/train/images/376_jpg.rf.61dd2f9f68708b0159ab1e8b97cc1f6f.jpg,21.407196,367.97437,237.47751,404.74445,0.8540695309638977,
102,data/ocr_dataset/train/images/388_jpg.rf.4ac9d2f5c7c0d8cf2bf8ebe84617342e_plate01.jpg,C:/Users/Farouk/Desktop/S-curit-routi-re-assist-e-par-la-vision-par-ordinateur/data/Tunisian license plate.v2i.yolov8/train/images/388_jpg.rf.4ac9d2f5c7c0d8cf2bf8ebe84617342e.jpg,143.63266,363.60812,300.01785,391.50327,0.85785973072052,
103,data/ocr_dataset/train/images/389_jpg.rf.29b62199b9d1f800800c7e8315a97c36_plate01.jpg,C:/Users/Farouk/Desktop/S-curit-routi-re-assist-e-par-la-vision-par-ordinateur/data/Tunisian license plate.v2i.yolov8/train/images/389_jpg.rf.29b62199b9d1f800800c7e8315a97c36.jpg,463.8902,434.94385,562.4747,530.0314,0.9346004128456116,
104,data/ocr_dataset/train/images/398_jpg.rf.a816ad30ba92d3eb364ddc516b3b1cb1_plate01.jpg,C:/Users/Farouk/Desktop/S-curit-routi-re-assist-e-par-la-vision-par-ordinateur/data/Tunisian license plate.v2i.yolov8/train/images/398_jpg.rf.a816ad30ba92d3eb364ddc516b3b1cb1.jpg,181.17937,384.37778,391.98126,420.1758,0.8551052212715149,
105,data/ocr_dataset/train/images/39_jpg.rf.a79594548cbfd31d6390d6f71ed7077a_plate01.jpg,C:/Users/Farouk/Desktop/S-curit-routi-re-assist-e-par-la-vision-par-ordinateur/data/Tunisian license plate.v2i.yolov8/train/images/39_jpg.rf.a79594548cbfd31d6390d6f71ed7077a.jpg,207.4014,425.27155,434.14175,447.05414,0.831328272819519,
106,data/ocr_dataset/train/images/400_jpg.rf.d07961bd75f7853b56c72f338a1c10ef_plate01.jpg,C:/Users/Farouk/Desktop/S-curit-routi-re-assist-e-par-la-vision-par-ordinateur/data/Tunisian license plate.v2i.yolov8/train/images/400_jpg.rf.d07961bd75f7853b56c72f338a1c10ef.jpg,304.8128,400.5144,436.07288,433.00952,0.8866745233535767,
107,data/ocr_dataset/train/images/401_jpg.rf.5dfd3b20cc177633e457c7589643c159_plate01.jpg,C:/Users/Farouk/Desktop/S-curit-routi-re-assist-e-par-la-vision-par-ordinateur/data/Tunisian license plate.v2i.yolov8/train/images/401_jpg.rf.5dfd3b20cc177633e457c7589643c159.jpg,257.76868,430.72192,364.62335,470.14282,0.8892596960067749,
108,data/ocr_dataset/train/images/402_jpg.rf.41cb13f9f88db5b63a120fe80510686a_plate01.jpg,C:/Users/Farouk/Desktop/S-curit-routi-re-assist-e-par-la-vision-par-ordinateur/data/Tunisian license plate.v2i.yolov8/train/images/402_jpg.rf.41cb13f9f88db5b63a120fe80510686a.jpg,343.06653,263.06488,366.42377,439.10162,0.8263998627662659,
109,data/ocr_dataset/train/images/403_jpg.rf.04e21f69a0cde17480ed403d44d7d647_plate01.jpg,C:/Users/Farouk/Desktop/S-curit-routi-re-assist-e-par-la-vision-par-ordinateur/data/Tunisian license plate.v2i.yolov8/train/images/403_jpg.rf.04e21f69a0cde17480ed403d44d7d647.jpg,301.74857,159.93826,339.6992,312.3161,0.8171876072883606,
110,data/ocr_dataset/train/images/404_jpg.rf.80f8a0c77ffb7afc09ce02545ee9c416_plate01.jpg,C:/Users/Farouk/Desktop/S-curit-routi-re-assist-e-par-la-vision-par-ordinateur/data/Tunisian license plate.v2i.yolov8/train/images/404_jpg.rf.80f8a0c77ffb7afc09ce02545ee9c416.jpg,260.56946,210.26083,471.35278,245.02737,0.8493895530700684,
111,data/ocr_dataset/train/images/407_jpg.rf.814ac9dcce99160ea36669532d1c841d_plate01.jpg,C:/Users/Farouk/Desktop/S-curit-routi-re-assist-e-par-la-vision-par-ordinateur/data/Tunisian license plate.v2i.yolov8/train/images/407_jpg.rf.814ac9dcce99160ea36669532d1c841d.jpg,283.90314,278.30106,467.03363,312.3586,0.8679224848747253,
112,data/ocr_dataset/train/images/413_jpg.rf.e8c508952dca4a5383843807cdd52ef0_plate01.jpg,C:/Users/Farouk/Desktop/S-curit-routi-re-assist-e-par-la-vision-par-ordinateur/data/Tunisian license plate.v2i.yolov8/train/images/413_jpg.rf.e8c508952dca4a5383843807cdd52ef0.jpg,229.91098,441.64087,334.2905,485.19226,0.9116907715797424,
113,data/ocr_dataset/train/images/414_jpg.rf.8e10d4d52545a19b41baebff9be9bf29_plate01.jpg,C:/Users/Farouk/Desktop/S-curit-routi-re-assist-e-par-la-vision-par-ordinateur/data/Tunisian license plate.v2i.yolov8/train/images/414_jpg.rf.8e10d4d52545a19b41baebff9be9bf29.jpg,99.69597,390.70123,189.03035,474.1159,0.9511702060699464,
114,data/ocr_dataset/train/images/415_jpg.rf.b2a60e2b47ca06077a8bee0f64e90e32_plate01.jpg,C:/Users/Farouk/Desktop/S-curit-routi-re-assist-e-par-la-vision-par-ordinateur/data/Tunisian license plate.v2i.yolov8/train/images/415_jpg.rf.b2a60e2b47ca06077a8bee0f64e90e32.jpg,202.02243,379.19034,402.56735,415.57443,0.8587172627449036,
115,data/ocr_dataset/train/images/416_jpg.rf.5f798d00fe6eb0069765e7ba68946fe3_plate01.jpg,C:/Users/Farouk/Desktop/S-curit-routi-re-assist-e-par-la-vision-par-ordinateur/data/Tunisian license plate.v2i.yolov8/train/images/416_jpg.rf.5f798d00fe6eb0069765e7ba68946fe3.jpg,234.5903,192.81105,447.8851,231.71785,0.8947023749351501,
116,data/ocr_dataset/train/images/417_jpg.rf.d0eb3c59a587e9618da0b7664ccb9ec9_plate01.jpg,C:/Users/Farouk/Desktop/S-curit-routi-re-assist-e-par-la-vision-par-ordinateur/data/Tunisian license plate.v2i.yolov8/train/images/417_jpg.rf.d0eb3c59a587e9618da0b7664ccb9ec9.jpg,258.08093,398.43237,463.65833,462.17517,0.9153255224227904,
117,data/ocr_dataset/train/images/428_jpg.rf.7a4cc87dd4511a15ab0c21dfab44c07c_plate01.jpg,C:/Users/Farouk/Desktop/S-curit-routi-re-assist-e-par-la-vision-par-ordinateur/data/Tunisian license plate.v2i.yolov8/train/images/428_jpg.rf.7a4cc87dd4511a15ab0c21dfab44c07c.jpg,348.82745,183.00504,379.0044,369.72415,0.810615599155426,
118,data/ocr_dataset/train/images/429_jpg.rf.2c5960e5cbc4880112026911c2f24274_plate01.jpg,C:/Users/Farouk/Desktop/S-curit-routi-re-assist-e-par-la-vision-par-ordinateur/data/Tunisian license plate.v2i.yolov8/train/images/429_jpg.rf.2c5960e5cbc4880112026911c2f24274.jpg,212.48051,420.85547,378.52887,474.3601,0.9024246335029602,
119,data/ocr_dataset/train/images/439_jpg.rf.82cfbf8eb3adafeeb16c1bd115ae4577_plate01.jpg,C:/Users/Farouk/Desktop/S-curit-routi-re-assist-e-par-la-vision-par-ordinateur/data/Tunisian license plate.v2i.yolov8/train/images/439_jpg.rf.82cfbf8eb3adafeeb16c1bd115ae4577.jpg,231.32469,468.04376,382.95325,506.69135,0.9001106023788452,
120,data/ocr_dataset/train/images/444_jpg.rf.dbd8a7f7abe0adbcd8c22aea0c0d799e_plate01.jpg,C:/Users/Farouk/Desktop/S-curit-routi-re-assist-e-par-la-vision-par-ordinateur/data/Tunisian license plate.v2i.yolov8/train/images/444_jpg.rf.dbd8a7f7abe0adbcd8c22aea0c0d799e.jpg,365.27606,264.19952,543.7251,303.32483,0.8589874505996704,
121,data/ocr_dataset/train/images/448_jpg.rf.1fa74fcdc327f9d6c11269305e7aa20a_plate01.jpg,C:/Users/Farouk/Desktop/S-curit-routi-re-assist-e-par-la-vision-par-ordinateur/data/Tunisian license plate.v2i.yolov8/train/images/448_jpg.rf.1fa74fcdc327f9d6c11269305e7aa20a.jpg,99.66875,353.2851,254.50609,397.70868,0.9011581540107728,
122,data/ocr_dataset/train/images/449_jpg.rf.55c283a67c99b087550551a32283566d_plate01.jpg,C:/Users/Farouk/Desktop/S-curit-routi-re-assist-e-par-la-vision-par-ordinateur/data/Tunisian license plate.v2i.yolov8/train/images/449_jpg.rf.55c283a67c99b087550551a32283566d.jpg,189.68294,291.8329,486.80792,351.30212,0.8748295307159424,
123,data/ocr_dataset/train/images/450_jpg.rf.3cdb7f749f24344266dfcf3be0df53ea_plate01.jpg,C:/Users/Farouk/Desktop/S-curit-routi-re-assist-e-par-la-vision-par-ordinateur/data/Tunisian license plate.v2i.yolov8/train/images/450_jpg.rf.3cdb7f749f24344266dfcf3be0df53ea.jpg,195.5506,469.28415,299.21814,504.7054,0.9052407741546632,
124,data/ocr_dataset/train/images/451_jpg.rf.dafe96166a4dde193fcc15506a0d3b8e_plate01.jpg,C:/Users/Farouk/Desktop/S-curit-routi-re-assist-e-par-la-vision-par-ordinateur/data/Tunisian license plate.v2i.yolov8/train/images/451_jpg.rf.dafe96166a4dde193fcc15506a0d3b8e.jpg,176.94913,441.53308,300.29926,511.29535,0.9087198972702026,
125,data/ocr_dataset/train/images/458_jpg.rf.d079e69dac21b13041b8a5c98f05647a_plate01.jpg,C:/Users/Farouk/Desktop/S-curit-routi-re-assist-e-par-la-vision-par-ordinateur/data/Tunisian license plate.v2i.yolov8/train/images/458_jpg.rf.d079e69dac21b13041b8a5c98f05647a.jpg,242.67288,425.79053,399.707,472.09546,0.8841005563735962,
126,data/ocr_dataset/train/images/463_jpg.rf.a86f1901db8d9f6b4adb170c634c6ae7_plate01.jpg,C:/Users/Farouk/Desktop/S-curit-routi-re-assist-e-par-la-vision-par-ordinateur/data/Tunisian license plate.v2i.yolov8/train/images/463_jpg.rf.a86f1901db8d9f6b4adb170c634c6ae7.jpg,297.6501,269.51083,435.1471,308.90518,0.8625640869140625,
127,data/ocr_dataset/train/images/464_jpg.rf.f4a8180156fee682fc04fdd65a95506f_plate01.jpg,C:/Users/Farouk/Desktop/S-curit-routi-re-assist-e-par-la-vision-par-ordinateur/data/Tunisian license plate.v2i.yolov8/train/images/464_jpg.rf.f4a8180156fee682fc04fdd65a95506f.jpg,280.9007,433.47772,390.20886,472.04987,0.8974533677101135,
128,data/ocr_dataset/train/images/465_jpg.rf.fab75316091c2fa90ad91c1be76cd7e8_plate01.jpg,C:/Users/Farouk/Desktop/S-curit-routi-re-assist-e-par-la-vision-par-ordinateur/data/Tunisian license plate.v2i.yolov8/train/images/465_jpg.rf.fab75316091c2fa90ad91c1be76cd7e8.jpg,183.42294,514.1945,274.63174,548.73114,0.8700803518295288,
129,data/ocr_dataset/train/images/466_jpg.rf.b0994a2ba9ed501d774cc9b9f347e30a_plate01.jpg,C:/Users/Farouk/Desktop/S-curit-routi-re-assist-e-par-la-vision-par-ordinateur/data/Tunisian license plate.v2i.yolov8/train/images/466_jpg.rf.b0994a2ba9ed501d774cc9b9f347e30a.jpg,191.25444,465.55182,327.3725,505.00323,0.9019057154655457,
130,data/ocr_dataset/train/images/470_jpg.rf.6f0ae6163075d0b0336b2805fe746427_plate01.jpg,C:/Users/Farouk/Desktop/S-curit-routi-re-assist-e-par-la-vision-par-ordinateur/data/Tunisian license plate.v2i.yolov8/train/images/470_jpg.rf.6f0ae6163075d0b0336b2805fe746427.jpg,479.6789,270.67694,512.4593,425.33197,0.8095700740814209,
131,data/ocr_dataset/train/images/471_jpg.rf.ee3b620ed922738bd02cdb1c557797cd_plate01.jpg,C:/Users/Farouk/Desktop/S-curit-routi-re-assist-e-par-la-vision-par-ordinateur/data/Tunisian license plate.v2i.yolov8/train/images/471_jpg.rf.ee3b620ed922738bd02cdb1c557797cd.jpg,360.53143,363.70154,532.13696,422.47998,0.8725237250328064,
132,data/ocr_dataset/train/images/473_jpg.rf.47d0788443b6016b0e78a5653f30c028_plate01.jpg,C:/Users/Farouk/Desktop/S-curit-routi-re-assist-e-par-la-vision-par-ordinateur/data/Tunisian license plate.v2i.yolov8/train/images/473_jpg.rf.47d0788443b6016b0e78a5653f30c028.jpg,355.59308,358.39124,417.4402,380.84485,0.8508160710334778,
133,data/ocr_dataset/train/images/474_jpg.rf.dcd4993ebfed50fefd7a663f69f4bc6c_plate01.jpg,C:/Users/Farouk/Desktop/S-curit-routi-re-assist-e-par-la-vision-par-ordinateur/data/Tunisian license plate.v2i.yolov8/train/images/474_jpg.rf.dcd4993ebfed50fefd7a663f69f4bc6c.jpg,74.36038,368.8689,401.60193,404.2621,0.7903347015380859,
134,data/ocr_dataset/train/images/475_jpg.rf.4c43cac76814710045594c1a9fdee6e2_plate01.jpg,C:/Users/Farouk/Desktop/S-curit-routi-re-assist-e-par-la-vision-par-ordinateur/data/Tunisian license plate.v2i.yolov8/train/images/475_jpg.rf.4c43cac76814710045594c1a9fdee6e2.jpg,16.255241,385.6192,104.46867,495.30634,0.9241089224815368,
135,data/ocr_dataset/train/images/476_jpg.rf.1efb246cf6ae3cfc1239fa07592de3cc_plate01.jpg,C:/Users/Farouk/Desktop/S-curit-routi-re-assist-e-par-la-vision-par-ordinateur/data/Tunisian license plate.v2i.yolov8/train/images/476_jpg.rf.1efb246cf6ae3cfc1239fa07592de3cc.jpg,130.6958,494.12396,366.03845,526.8093,0.8678316473960876,
136,data/ocr_dataset/train/images/477_jpg.rf.9de60300bc5304b5658ac59279d2d87f_plate01.jpg,C:/Users/Farouk/Desktop/S-curit-routi-re-assist-e-par-la-vision-par-ordinateur/data/Tunisian license plate.v2i.yolov8/train/images/477_jpg.rf.9de60300bc5304b5658ac59279d2d87f.jpg,346.6328,411.90527,517.9619,450.1043,0.8546174764633179,
137,data/ocr_dataset/train/images/479_jpg.rf.d3541ab5742cfa2f35d0bf6344a17b55_plate01.jpg,C:/Users/Farouk/Desktop/S-curit-routi-re-assist-e-par-la-vision-par-ordinateur/data/Tunisian license plate.v2i.yolov8/train/images/479_jpg.rf.d3541ab5742cfa2f35d0bf6344a17b55.jpg,295.0055,351.9458,407.6526,380.27856,0.8664419054985046,
138,data/ocr_dataset/train/images/486_jpg.rf.7563b0765f71bcdfc9fb4b39fc35b103_plate01.jpg,C:/Users/Farouk/Desktop/S-curit-routi-re-assist-e-par-la-vision-par-ordinateur/data/Tunisian license plate.v2i.yolov8/train/images/486_jpg.rf.7563b0765f71bcdfc9fb4b39fc35b103.jpg,226.50206,266.41125,457.70483,298.4353,0.8695523738861084,
139,data/ocr_dataset/train/images/487_jpg.rf.ac1c80aaabdd29000d7f8aa0894960a4_plate01.jpg,C:/Users/Farouk/Desktop/S-curit-routi-re-assist-e-par-la-vision-par-ordinateur/data/Tunisian license plate.v2i.yolov8/train/images/487_jpg.rf.ac1c80aaabdd29000d7f8aa0894960a4.jpg,227.0143,472.03607,343.92188,513.817,0.894930362701416,
140,data/ocr_dataset/train/images/488_jpg.rf.8da56034d7b28a304e8b93f67305a6f8_plate01.jpg,C:/Users/Farouk/Desktop/S-curit-routi-re-assist-e-par-la-vision-par-ordinateur/data/Tunisian license plate.v2i.yolov8/train/images/488_jpg.rf.8da56034d7b28a304e8b93f67305a6f8.jpg,264.97888,329.6548,393.27612,386.77258,0.918548583984375,
141,data/ocr_dataset/train/images/489_jpg.rf.4dce47e12bfd8a0fc4f2d0ccff50c333_plate01.jpg,C:/Users/Farouk/Desktop/S-curit-routi-re-assist-e-par-la-vision-par-ordinateur/data/Tunisian license plate.v2i.yolov8/train/images/489_jpg.rf.4dce47e12bfd8a0fc4f2d0ccff50c333.jpg,203.40805,413.55396,431.00864,439.2326,0.8285771608352661,
142,data/ocr_dataset/train/images/493_jpg.rf.384a4b40a9f7d43a2d580011907a408b_plate01.jpg,C:/Users/Farouk/Desktop/S-curit-routi-re-assist-e-par-la-vision-par-ordinateur/data/Tunisian license plate.v2i.yolov8/train/images/493_jpg.rf.384a4b40a9f7d43a2d580011907a408b.jpg,280.30878,327.12683,452.21466,367.12927,0.8757408857345581,
143,data/ocr_dataset/train/images/498_jpg.rf.5a3a106ac1df08bb9a12ec0578140bc7_plate01.jpg,C:/Users/Farouk/Desktop/S-curit-routi-re-assist-e-par-la-vision-par-ordinateur/data/Tunisian license plate.v2i.yolov8/train/images/498_jpg.rf.5a3a106ac1df08bb9a12ec0578140bc7.jpg,208.74088,359.64432,362.4785,390.78897,0.8794932961463928,
144,data/ocr_dataset/train/images/49_jpg.rf.ad8a64547b913c66979acab0dcc6a9a9_plate01.jpg,C:/Users/Farouk/Desktop/S-curit-routi-re-assist-e-par-la-vision-par-ordinateur/data/Tunisian license plate.v2i.yolov8/train/images/49_jpg.rf.ad8a64547b913c66979acab0dcc6a9a9.jpg,405.68634,195.81702,508.8028,301.65643,0.9311182498931884,
145,data/ocr_dataset/train/images/503_jpg.rf.c9fda1d60b98c3aac8928e818b9b7b7a_plate01.jpg,C:/Users/Farouk/Desktop/S-curit-routi-re-assist-e-par-la-vision-par-ordinateur/data/Tunisian license plate.v2i.yolov8/train/images/503_jpg.rf.c9fda1d60b98c3aac8928e818b9b7b7a.jpg,339.40353,392.46228,492.34494,427.46936,0.8765695095062256,
146,data/ocr_dataset/train/images/504_jpg.rf.ff78152863ca05a3e2326fbb766eee43_plate01.jpg,C:/Users/Farouk/Desktop/S-curit-routi-re-assist-e-par-la-vision-par-ordinateur/data/Tunisian license plate.v2i.yolov8/train/images/504_jpg.rf.ff78152863ca05a3e2326fbb766eee43.jpg,251.11264,403.42142,424.63046,427.56253,0.8555428385734558,
147,data/ocr_dataset/train/images/505_jpg.rf.9e5e957a5643a0e046c232069b8ff019_plate01.jpg,C:/Users/Farouk/Desktop/S-curit-routi-re-assist-e-par-la-vision-par-ordinateur/data/Tunisian license plate.v2i.yolov8/train/images/505_jpg.rf.9e5e957a5643a0e046c232069b8ff019.jpg,299.39917,495.78107,418.04614,523.3549,0.852044403553009,
148,data/ocr_dataset/train/images/506_jpg.rf.cb927688e791772e93faa1724b0957fe_plate01.jpg,C:/Users/Farouk/Desktop/S-curit-routi-re-assist-e-par-la-vision-par-ordinateur/data/Tunisian license plate.v2i.yolov8/train/images/506_jpg.rf.cb927688e791772e93faa1724b0957fe.jpg,164.69365,279.25397,395.12262,352.5597,0.8745026588439941,
149,data/ocr_dataset/train/images/512_jpg.rf.a64fd91f4117bcd6de3dfc356110c9d5_plate01.jpg,C:/Users/Farouk/Desktop/S-curit-routi-re-assist-e-par-la-vision-par-ordinateur/data/Tunisian license plate.v2i.yolov8/train/images/512_jpg.rf.a64fd91f4117bcd6de3dfc356110c9d5.jpg,233.72868,362.6198,439.2519,388.37115,0.8177895545959473,
150,data/ocr_dataset/train/images/513_jpg.rf.b6e39378457e74346be68c4749b6d388_plate01.jpg,C:/Users/Farouk/Desktop/S-curit-routi-re-assist-e-par-la-vision-par-ordinateur/data/Tunisian license plate.v2i.yolov8/train/images/513_jpg.rf.b6e39378457e74346be68c4749b6d388.jpg,205.88135,402.8335,359.2704,429.7898,0.8673239350318909,
151,data/ocr_dataset/train/images/514_jpg.rf.b574390de2a77b2aa2becfabab1d0201_plate01.jpg,C:/Users/Farouk/Desktop/S-curit-routi-re-assist-e-par-la-vision-par-ordinateur/data/Tunisian license plate.v2i.yolov8/train/images/514_jpg.rf.b574390de2a77b2aa2becfabab1d0201.jpg,218.05942,466.72595,350.7006,516.94604,0.9136526584625244,
152,data/ocr_dataset/train/images/516_jpg.rf.2569c312e74f040f47805782926a8475_plate01.jpg,C:/Users/Farouk/Desktop/S-curit-routi-re-assist-e-par-la-vision-par-ordinateur/data/Tunisian license plate.v2i.yolov8/train/images/516_jpg.rf.2569c312e74f040f47805782926a8475.jpg,402.55188,399.81586,525.5774,423.38934,0.8276742696762085,
153,data/ocr_dataset/train/images/517_jpg.rf.ec8dddd47abd6931ade459cd2147fa4b_plate01.jpg,C:/Users/Farouk/Desktop/S-curit-routi-re-assist-e-par-la-vision-par-ordinateur/data/Tunisian license plate.v2i.yolov8/train/images/517_jpg.rf.ec8dddd47abd6931ade459cd2147fa4b.jpg,222.35617,470.7909,340.35934,504.26,0.8926777243614197,
154,data/ocr_dataset/train/images/519_jpg.rf.9506bcd23848eca82f1962c96ce96a72_plate01.jpg,C:/Users/Farouk/Desktop/S-curit-routi-re-assist-e-par-la-vision-par-ordinateur/data/Tunisian license plate.v2i.yolov8/train/images/519_jpg.rf.9506bcd23848eca82f1962c96ce96a72.jpg,260.56934,419.2921,367.82697,461.20813,0.9202405214309692,
155,data/ocr_dataset/train/images/525_jpg.rf.255ec009a8e7227d2fa1d93ac45b3797_plate01.jpg,C:/Users/Farouk/Desktop/S-curit-routi-re-assist-e-par-la-vision-par-ordinateur/data/Tunisian license plate.v2i.yolov8/train/images/525_jpg.rf.255ec009a8e7227d2fa1d93ac45b3797.jpg,74.04433,379.36072,149.87358,468.10925,0.9306846857070924,
156,data/ocr_dataset/train/images/529_jpg.rf.87bdd0c325a504e9b1853c792619c5df_plate01.jpg,C:/Users/Farouk/Desktop/S-curit-routi-re-assist-e-par-la-vision-par-ordinateur/data/Tunisian license plate.v2i.yolov8/train/images/529_jpg.rf.87bdd0c325a504e9b1853c792619c5df.jpg,297.2187,472.9676,391.17487,509.643,0.8861701488494873,
157,data/ocr_dataset/train/images/530_jpg.rf.e981870bc21f63c8b9b47d00b89e2902_plate01.jpg,C:/Users/Farouk/Desktop/S-curit-routi-re-assist-e-par-la-vision-par-ordinateur/data/Tunisian license plate.v2i.yolov8/train/images/530_jpg.rf.e981870bc21f63c8b9b47d00b89e2902.jpg,140.39645,263.43567,313.78592,357.3031,0.9292109608650208,
158,data/ocr_dataset/train/images/538_jpg.rf.f64b214af9088afc2e98b4a3ca76cad5_plate01.jpg,C:/Users/Farouk/Desktop/S-curit-routi-re-assist-e-par-la-vision-par-ordinateur/data/Tunisian license plate.v2i.yolov8/train/images/538_jpg.rf.f64b214af9088afc2e98b4a3ca76cad5.jpg,470.5758,414.64825,556.687,479.02393,0.9269044995307922,
159,data/ocr_dataset/train/images/539_jpg.rf.4d1eb47c07a94cf22893e2f0866f8b5a_plate01.jpg,C:/Users/Farouk/Desktop/S-curit-routi-re-assist-e-par-la-vision-par-ordinateur/data/Tunisian license plate.v2i.yolov8/train/images/539_jpg.rf.4d1eb47c07a94cf22893e2f0866f8b5a.jpg,179.35022,385.23218,397.4721,437.73145,0.8801279664039612,
160,data/ocr_dataset/train/images/549_jpg.rf.7dcfdf6a8810410cbf66b9110e0f9f68_plate01.jpg,C:/Users/Farouk/Desktop/S-curit-routi-re-assist-e-par-la-vision-par-ordinateur/data/Tunisian license plate.v2i.yolov8/train/images/549_jpg.rf.7dcfdf6a8810410cbf66b9110e0f9f68.jpg,216.42502,436.0973,393.7122,460.77942,0.858662486076355,
161,data/ocr_dataset/train/images/558_jpg.rf.4b68e0782535f9dd5a44bee6365c3963_plate01.jpg,C:/Users/Farouk/Desktop/S-curit-routi-re-assist-e-par-la-vision-par-ordinateur/data/Tunisian license plate.v2i.yolov8/train/images/558_jpg.rf.4b68e0782535f9dd5a44bee6365c3963.jpg,190.99097,435.9879,425.05438,469.906,0.8818778991699219,
162,data/ocr_dataset/train/images/559_jpg.rf.83464c2693eeafe7220e25d90f267140_plate01.jpg,C:/Users/Farouk/Desktop/S-curit-routi-re-assist-e-par-la-vision-par-ordinateur/data/Tunisian license plate.v2i.yolov8/train/images/559_jpg.rf.83464c2693eeafe7220e25d90f267140.jpg,196.63254,332.90894,315.99698,356.04572,0.8333210349082947,
163,data/ocr_dataset/train/images/560_jpg.rf.084be5545f24be4fddfcf95b5d98cff6_plate01.jpg,C:/Users/Farouk/Desktop/S-curit-routi-re-assist-e-par-la-vision-par-ordinateur/data/Tunisian license plate.v2i.yolov8/train/images/560_jpg.rf.084be5545f24be4fddfcf95b5d98cff6.jpg,206.6742,372.60327,332.0086,440.70374,0.9222305417060852,
164,data/ocr_dataset/train/images/561_jpg.rf.cd644688671587cf3db70dd1a3c32979_plate01.jpg,C:/Users/Farouk/Desktop/S-curit-routi-re-assist-e-par-la-vision-par-ordinateur/data/Tunisian license plate.v2i.yolov8/train/images/561_jpg.rf.cd644688671587cf3db70dd1a3c32979.jpg,86.05787,465.2199,304.2663,503.09088,0.8778975605964661,
165,data/ocr_dataset/train/images/562_jpg.rf.b69d202b6fde15341f13cafc86494180_plate01.jpg,C:/Users/Farouk/Desktop/S-curit-routi-re-assist-e-par-la-vision-par-ordinateur/data/Tunisian license plate.v2i.yolov8/train/images/562_jpg.rf.b69d202b6fde15341f13cafc86494180.jpg,121.77273,319.6355,353.71573,360.26868,0.8395974040031433,
166,data/ocr_dataset/train/images/563_jpg.rf.4969ec77a6d89252e6dc206d71447840_plate01.jpg,C:/Users/Farouk/Desktop/S-curit-routi-re-assist-e-par-la-vision-par-ordinateur/data/Tunisian license plate.v2i.yolov8/train/images/563_jpg.rf.4969ec77a6d89252e6dc206d71447840.jpg,101.280975,333.37656,298.63388,401.77213,0.9187368750572203,
167,data/ocr_dataset/train/images/565_jpg.rf.fb9a7099ad304d8b92a40e3035878f3d_plate01.jpg,C:/Users/Farouk/Desktop/S-curit-routi-re-assist-e-par-la-vision-par-ordinateur/data/Tunisian license plate.v2i.yolov8/train/images/565_jpg.rf.fb9a7099ad304d8b92a40e3035878f3d.jpg,330.75635,540.96204,451.234,585.1715,0.9050118327140808,
168,data/ocr_dataset/train/images/570_jpg.rf.abce993680d6342ac3778b2984fcadf4_plate01.jpg,C:/Users/Farouk/Desktop/S-curit-routi-re-assist-e-par-la-vision-par-ordinateur/data/Tunisian license plate.v2i.yolov8/train/images/570_jpg.rf.abce993680d6342ac3778b2984fcadf4.jpg,144.99597,479.15588,349.51984,522.0316,0.8913642168045044,
169,data/ocr_dataset/train/images/571_jpg.rf.455fe2fd92674aa7bfb678bcfa215755_plate01.jpg,C:/Users/Farouk/Desktop/S-curit-routi-re-assist-e-par-la-vision-par-ordinateur/data/Tunisian license plate.v2i.yolov8/train/images/571_jpg.rf.455fe2fd92674aa7bfb678bcfa215755.jpg,188.79721,520.71277,437.92612,555.4999,0.8483965992927551,
170,data/ocr_dataset/train/images/573_jpg.rf.46beafb2843651d440f3f0c8bc39ce42_plate01.jpg,C:/Users/Farouk/Desktop/S-curit-routi-re-assist-e-par-la-vision-par-ordinateur/data/Tunisian license plate.v2i.yolov8/train/images/573_jpg.rf.46beafb2843651d440f3f0c8bc39ce42.jpg,268.84906,281.37277,552.40344,347.6791,0.8915395736694336,
171,data/ocr_dataset/train/images/574_jpg.rf.44f6915a9e0500968325b61fdaecf028_plate01.jpg,C:/Users/Farouk/Desktop/S-curit-routi-re-assist-e-par-la-vision-par-ordinateur/data/Tunisian license plate.v2i.yolov8/train/images/574_jpg.rf.44f6915a9e0500968325b61fdaecf028.jpg,212.18738,339.26862,379.03583,372.62042,0.8567197322845459,
172,data/ocr_dataset/train/images/575_jpg.rf.f769907bc56e26940f371df11e0e15b2_plate01.jpg,C:/Users/Farouk/Desktop/S-curit-routi-re-assist-e-par-la-vision-par-ordinateur/data/Tunisian license plate.v2i.yolov8/train/images/575_jpg.rf.f769907bc56e26940f371df11e0e15b2.jpg,188.92159,426.68695,366.24274,484.59644,0.8926681876182556,
173,data/ocr_dataset/train/images/576_jpg.rf.57cd5bb7ecd981e20740e5359f45c839_plate01.jpg,C:/Users/Farouk/Desktop/S-curit-routi-re-assist-e-par-la-vision-par-ordinateur/data/Tunisian license plate.v2i.yolov8/train/images/576_jpg.rf.57cd5bb7ecd981e20740e5359f45c839.jpg,356.9862,268.59235,462.41724,290.73468,0.8232806324958801,
174,data/ocr_dataset/train/images/588_jpg.rf.7a592bad7e24b4c62909fcf500385554_plate01.jpg,C:/Users/Farouk/Desktop/S-curit-routi-re-assist-e-par-la-vision-par-ordinateur/data/Tunisian license plate.v2i.yolov8/train/images/588_jpg.rf.7a592bad7e24b4c62909fcf500385554.jpg,180.85963,461.3803,390.2494,502.35333,0.8630486130714417,
175,data/ocr_dataset/train/images/598_jpg.rf.114902c8e2c03711746d9faf96147f71_plate01.jpg,C:/Users/Farouk/Desktop/S-curit-routi-re-assist-e-par-la-vision-par-ordinateur/data/Tunisian license plate.v2i.yolov8/train/images/598_jpg.rf.114902c8e2c03711746d9faf96147f71.jpg,84.12903,429.35474,178.13123,504.8081,0.9370666742324828,
176,data/ocr_dataset/train/images/600_jpg.rf.b9373de64ca2fce12d2509a8dfb380ff_plate01.jpg,C:/Users/Farouk/Desktop/S-curit-routi-re-assist-e-par-la-vision-par-ordinateur/data/Tunisian license plate.v2i.yolov8/train/images/600_jpg.rf.b9373de64ca2fce12d2509a8dfb380ff.jpg,194.67982,287.03278,460.85144,327.19415,0.8137724995613098,
177,data/ocr_dataset/train/images/602_jpg.rf.17d8aac0f86f0e89a7f758397a077ef1_plate01.jpg,C:/Users/Farouk/Desktop/S-curit-routi-re-assist-e-par-la-vision-par-ordinateur/data/Tunisian license plate.v2i.yolov8/train/images/602_jpg.rf.17d8aac0f86f0e89a7f758397a077ef1.jpg,180.52972,484.61133,284.99512,545.8324,0.9128161668777466,
178,data/ocr_dataset/train/images/603_jpg.rf.8abeb5b8041fa28f108a67ed67d6ed41_plate01.jpg,C:/Users/Farouk/Desktop/S-curit-routi-re-assist-e-par-la-vision-par-ordinateur/data/Tunisian license plate.v2i.yolov8/train/images/603_jpg.rf.8abeb5b8041fa28f108a67ed67d6ed41.jpg,177.58038,344.66382,410.1682,377.13586,0.8849206566810608,
179,data/ocr_dataset/train/images/605_jpg.rf.bbe8927c4c6ae382182253b82887309d_plate01.jpg,C:/Users/Farouk/Desktop/S-curit-routi-re-assist-e-par-la-vision-par-ordinateur/data/Tunisian license plate.v2i.yolov8/train/images/605_jpg.rf.bbe8927c4c6ae382182253b82887309d.jpg,166.30257,379.2041,412.2984,415.29065,0.8514485359191895,
180,data/ocr_dataset/train/images/605_jpg.rf.bbe8927c4c6ae382182253b82887309d_plate02.jpg,C:/Users/Farouk/Desktop/S-curit-routi-re-assist-e-par-la-vision-par-ordinateur/data/Tunisian license plate.v2i.yolov8/train/images/605_jpg.rf.bbe8927c4c6ae382182253b82887309d.jpg,297.47015,0.0,404.57672,6.8305025,0.3302484452724457,
181,data/ocr_dataset/train/images/606_jpg.rf.18ccc0e7142554c62cc789010de4f11a_plate01.jpg,C:/Users/Farouk/Desktop/S-curit-routi-re-assist-e-par-la-vision-par-ordinateur/data/Tunisian license plate.v2i.yolov8/train/images/606_jpg.rf.18ccc0e7142554c62cc789010de4f11a.jpg,533.4254,311.3864,624.77405,401.0617,0.9313132166862488,
182,data/ocr_dataset/train/images/607_jpg.rf.2618e37a11b51ce1787a75fad7ec7176_plate01.jpg,C:/Users/Farouk/Desktop/S-curit-routi-re-assist-e-par-la-vision-par-ordinateur/data/Tunisian license plate.v2i.yolov8/train/images/607_jpg.rf.2618e37a11b51ce1787a75fad7ec7176.jpg,229.32187,521.89954,343.5353,572.3052,0.9037208557128906,
183,data/ocr_dataset/train/images/60_jpg.rf.2a10d47f48febcbc944f70724b609727_plate01.jpg,C:/Users/Farouk/Desktop/S-curit-routi-re-assist-e-par-la-vision-par-ordinateur/data/Tunisian license plate.v2i.yolov8/train/images/60_jpg.rf.2a10d47f48febcbc944f70724b609727.jpg,10.041351,443.50275,68.008224,526.5316,0.9235254526138306,
184,data/ocr_dataset/train/images/611_jpg.rf.9eb08c9ffc32cc6125530a7e042cd216_plate01.jpg,C:/Users/Farouk/Desktop/S-curit-routi-re-assist-e-par-la-vision-par-ordinateur/data/Tunisian license plate.v2i.yolov8/train/images/611_jpg.rf.9eb08c9ffc32cc6125530a7e042cd216.jpg,142.6037,269.81073,560.8812,339.93164,0.6224445700645447,
185,data/ocr_dataset/train/images/611_jpg.rf.9eb08c9ffc32cc6125530a7e042cd216_plate02.jpg,C:/Users/Farouk/Desktop/S-curit-routi-re-assist-e-par-la-vision-par-ordinateur/data/Tunisian license plate.v2i.yolov8/train/images/611_jpg.rf.9eb08c9ffc32cc6125530a7e042cd216.jpg,80.69626,272.59958,415.9167,340.64993,0.4513222277164459,
186,data/ocr_dataset/train/images/612_jpg.rf.ad809c3a769c6ee5cf90f8db8c25a6f3_plate01.jpg,C:/Users/Farouk/Desktop/S-curit-routi-re-assist-e-par-la-vision-par-ordinateur/data/Tunisian license plate.v2i.yolov8/train/images/612_jpg.rf.ad809c3a769c6ee5cf90f8db8c25a6f3.jpg,246.03787,387.26172,430.17288,468.72424,0.9186980724334716,
187,data/ocr_dataset/train/images/613_jpg.rf.cb6afbc23293cdb3c06cab87965d027c_plate01.jpg,C:/Users/Farouk/Desktop/S-curit-routi-re-assist-e-par-la-vision-par-ordinateur/data/Tunisian license plate.v2i.yolov8/train/images/613_jpg.rf.cb6afbc23293cdb3c06cab87965d027c.jpg,243.30836,420.2128,375.74487,471.27414,0.9157739281654358,
188,data/ocr_dataset/train/images/616_jpg.rf.467972f38bb38ee88bddceb2bf65672b_plate01.jpg,C:/Users/Farouk/Desktop/S-curit-routi-re-assist-e-par-la-vision-par-ordinateur/data/Tunisian license plate.v2i.yolov8/train/images/616_jpg.rf.467972f38bb38ee88bddceb2bf65672b.jpg,187.09198,451.2511,317.26514,504.22412,0.9242525696754456,
189,data/ocr_dataset/train/images/617_jpg.rf.1d05ac2f2f4fc9ada29c80b875e38cd4_plate01.jpg,C:/Users/Farouk/Desktop/S-curit-routi-re-assist-e-par-la-vision-par-ordinateur/data/Tunisian license plate.v2i.yolov8/train/images/617_jpg.rf.1d05ac2f2f4fc9ada29c80b875e38cd4.jpg,210.56857,371.8901,417.57925,403.6849,0.8675714135169983,
190,data/ocr_dataset/train/images/61_jpg.rf.fa1dc5f2afc5ac9a90abcd53a9e76ff2_plate01.jpg,C:/Users/Farouk/Desktop/S-curit-routi-re-assist-e-par-la-vision-par-ordinateur/data/Tunisian license plate.v2i.yolov8/train/images/61_jpg.rf.fa1dc5f2afc5ac9a90abcd53a9e76ff2.jpg,543.1062,377.48798,611.9768,494.40674,0.9179939031600952,
191,data/ocr_dataset/train/images/628_jpg.rf.52185ce35a02679efaa52d8e62b4c732_plate01.jpg,C:/Users/Farouk/Desktop/S-curit-routi-re-assist-e-par-la-vision-par-ordinateur/data/Tunisian license plate.v2i.yolov8/train/images/628_jpg.rf.52185ce35a02679efaa52d8e62b4c732.jpg,283.47534,494.40314,344.13953,516.54913,0.8050073385238647,
192,data/ocr_dataset/train/images/629_jpg.rf.ef43ce906533a39e5c6ca9ba0d2eb586_plate01.jpg,C:/Users/Farouk/Desktop/S-curit-routi-re-assist-e-par-la-vision-par-ordinateur/data/Tunisian license plate.v2i.yolov8/train/images/629_jpg.rf.ef43ce906533a39e5c6ca9ba0d2eb586.jpg,249.32123,386.18823,407.72192,422.1377,0.874970555305481,
193,data/ocr_dataset/train/images/62_jpg.rf.5945ba0144a940244d33900b9c835bd8_plate01.jpg,C:/Users/Farouk/Desktop/S-curit-routi-re-assist-e-par-la-vision-par-ordinateur/data/Tunisian license plate.v2i.yolov8/train/images/62_jpg.rf.5945ba0144a940244d33900b9c835bd8.jpg,169.43323,356.58746,289.09277,388.13464,0.8860607147216797,
194,data/ocr_dataset/train/images/639_jpg.rf.1aa6c151fa8b85354bd58319cf6a444c_plate01.jpg,C:/Users/Farouk/Desktop/S-curit-routi-re-assist-e-par-la-vision-par-ordinateur/data/Tunisian license plate.v2i.yolov8/train/images/639_jpg.rf.1aa6c151fa8b85354bd58319cf6a444c.jpg,256.84088,383.4842,407.0197,444.59222,0.9268947839736938,
195,data/ocr_dataset/train/images/648_jpg.rf.fee1887da99b625a89567a1baeab11a6_plate01.jpg,C:/Users/Farouk/Desktop/S-curit-routi-re-assist-e-par-la-vision-par-ordinateur/data/Tunisian license plate.v2i.yolov8/train/images/648_jpg.rf.fee1887da99b625a89567a1baeab11a6.jpg,295.2664,284.42245,369.65506,308.3486,0.842907190322876,
196,data/ocr_dataset/train/images/649_jpg.rf.c2002d4b8ecd530b4a4b84f8f7a83261_plate01.jpg,C:/Users/Farouk/Desktop/S-curit-routi-re-assist-e-par-la-vision-par-ordinateur/data/Tunisian license plate.v2i.yolov8/train/images/649_jpg.rf.c2002d4b8ecd530b4a4b84f8f7a83261.jpg,361.16806,215.79834,387.08432,429.07886,0.84400874376297,
197,data/ocr_dataset/train/images/652_jpg.rf.4d37456c911dd2f36aaee87e51275f95_plate01.jpg,C:/Users/Farouk/Desktop/S-curit-routi-re-assist-e-par-la-vision-par-ordinateur/data/Tunisian license plate.v2i.yolov8/train/images/652_jpg.rf.4d37456c911dd2f36aaee87e51275f95.jpg,181.84506,389.99542,338.85422,450.28033,0.9142600893974304,
198,data/ocr_dataset/train/images/658_jpg.rf.99ba1f3bf49f60087f26dc2f98decfd2_plate01.jpg,C:/Users/Farouk/Desktop/S-curit-routi-re-assist-e-par-la-vision-par-ordinateur/data/Tunisian license plate.v2i.yolov8/train/images/658_jpg.rf.99ba1f3bf49f60087f26dc2f98decfd2.jpg,255.35443,458.69727,404.01178,508.1449,0.897142767906189,
199,data/ocr_dataset/train/images/659_jpg.rf.2dcded7bb2e57e0269181fce8cc6bf09_plate01.jpg,C:/Users/Farouk/Desktop/S-curit-routi-re-assist-e-par-la-vision-par-ordinateur/data/Tunisian license plate.v2i.yolov8/train/images/659_jpg.rf.2dcded7bb2e57e0269181fce8cc6bf09.jpg,235.51837,319.44824,280.97974,380.56506,0.8743910789489746,
200,data/ocr_dataset/train/images/65_jpg.rf.5eec0889802c50efe81cfd3285b06029_plate01.jpg,C:/Users/Farouk/Desktop/S-curit-routi-re-assist-e-par-la-vision-par-ordinateur/data/Tunisian license plate.v2i.yolov8/train/images/65_jpg.rf.5eec0889802c50efe81cfd3285b06029.jpg,130.69958,436.47888,196.29468,484.04736,0.9080331325531006,
201,data/ocr_dataset/train/images/660_jpg.rf.28f8d6440faad7c8991d4a8154227018_plate01.jpg,C:/Users/Farouk/Desktop/S-curit-routi-re-assist-e-par-la-vision-par-ordinateur/data/Tunisian license plate.v2i.yolov8/train/images/660_jpg.rf.28f8d6440faad7c8991d4a8154227018.jpg,235.8235,395.67172,396.35657,420.79605,0.8327624797821045,
202,data/ocr_dataset/train/images/661_jpg.rf.e339dd37ed51b9350ae9f6f77df815e2_plate01.jpg,C:/Users/Farouk/Desktop/S-curit-routi-re-assist-e-par-la-vision-par-ordinateur/data/Tunisian license plate.v2i.yolov8/train/images/661_jpg.rf.e339dd37ed51b9350ae9f6f77df815e2.jpg,268.4972,289.43677,412.4331,353.69922,0.9253162145614624,
203,data/ocr_dataset/train/images/663_jpg.rf.401c6c23f380441fbe1b16cb3c06edc3_plate01.jpg,C:/Users/Farouk/Desktop/S-curit-routi-re-assist-e-par-la-vision-par-ordinateur/data/Tunisian license plate.v2i.yolov8/train/images/663_jpg.rf.401c6c23f380441fbe1b16cb3c06edc3.jpg,260.76038,286.36237,448.49127,315.85992,0.8653075695037842,
204,data/ocr_dataset/train/images/66_jpg.rf.460099fb24d07d4958b4f2258505817e_plate01.jpg,C:/Users/Farouk/Desktop/S-curit-routi-re-assist-e-par-la-vision-par-ordinateur/data/Tunisian license plate.v2i.yolov8/train/images/66_jpg.rf.460099fb24d07d4958b4f2258505817e.jpg,325.90912,324.6612,405.8874,377.14276,0.9251970648765564,
205,data/ocr_dataset/train/images/670_jpg.rf.93ad97512ca536376308649ff7a24b7b_plate01.jpg,C:/Users/Farouk/Desktop/S-curit-routi-re-assist-e-par-la-vision-par-ordinateur/data/Tunisian license plate.v2i.yolov8/train/images/670_jpg.rf.93ad97512ca536376308649ff7a24b7b.jpg,329.8147,396.7757,468.86633,467.24237,0.9102990627288818,
206,data/ocr_dataset/train/images/672_jpg.rf.45f7e1803b74ee1ec74fc751cfe08b31_plate01.jpg,C:/Users/Farouk/Desktop/S-curit-routi-re-assist-e-par-la-vision-par-ordinateur/data/Tunisian license plate.v2i.yolov8/train/images/672_jpg.rf.45f7e1803b74ee1ec74fc751cfe08b31.jpg,207.46121,398.9043,429.94388,434.22095,0.8634368181228638,
207,data/ocr_dataset/train/images/674_jpg.rf.abfc0d40da79ac25e2d7155c0ce96e61_plate01.jpg,C:/Users/Farouk/Desktop/S-curit-routi-re-assist-e-par-la-vision-par-ordinateur/data/Tunisian license plate.v2i.yolov8/train/images/674_jpg.rf.abfc0d40da79ac25e2d7155c0ce96e61.jpg,333.57727,215.31593,403.76147,435.52185,0.8568943738937378,
208,data/ocr_dataset/train/images/675_jpg.rf.c82271ecfda098adef6891e9589e39ec_plate01.jpg,C:/Users/Farouk/Desktop/S-curit-routi-re-assist-e-par-la-vision-par-ordinateur/data/Tunisian license plate.v2i.yolov8/train/images/675_jpg.rf.c82271ecfda098adef6891e9589e39ec.jpg,236.05865,461.51422,375.53827,495.60406,0.891587495803833,
209,data/ocr_dataset/train/images/676_jpg.rf.e89df79ba950a2371a5e3a6c709437dc_plate01.jpg,C:/Users/Farouk/Desktop/S-curit-routi-re-assist-e-par-la-vision-par-ordinateur/data/Tunisian license plate.v2i.yolov8/train/images/676_jpg.rf.e89df79ba950a2371a5e3a6c709437dc.jpg,180.94135,499.0007,424.5116,534.9375,0.846133828163147,
210,data/ocr_dataset/train/images/67_jpg.rf.ca19d446e375837d1c234c71bee66bf9_plate01.jpg,C:/Users/Farouk/Desktop/S-curit-routi-re-assist-e-par-la-vision-par-ordinateur/data/Tunisian license plate.v2i.yolov8/train/images/67_jpg.rf.ca19d446e375837d1c234c71bee66bf9.jpg,495.3495,401.53595,571.4995,486.51294,0.9357824921607972,
211,data/ocr_dataset/train/images/685_jpg.rf.4f5b47436cc38eda8385d30d21836215_plate01.jpg,C:/Users/Farouk/Desktop/S-curit-routi-re-assist-e-par-la-vision-par-ordinateur/data/Tunisian license plate.v2i.yolov8/train/images/685_jpg.rf.4f5b47436cc38eda8385d30d21836215.jpg,306.78323,466.40533,433.6653,496.5833,0.8758528828620911,
212,data/ocr_dataset/train/images/689_jpg.rf.cdc5f89e3fd36adf12ad06894b50a426_plate01.jpg,C:/Users/Farouk/Desktop/S-curit-routi-re-assist-e-par-la-vision-par-ordinateur/data/Tunisian license plate.v2i.yolov8/train/images/689_jpg.rf.cdc5f89e3fd36adf12ad06894b50a426.jpg,210.13354,323.13586,432.42285,350.71008,0.8455379009246826,
213,data/ocr_dataset/train/images/699_jpg.rf.58887f965952c5704c122ed19f299e87_plate01.jpg,C:/Users/Farouk/Desktop/S-curit-routi-re-assist-e-par-la-vision-par-ordinateur/data/Tunisian license plate.v2i.yolov8/train/images/699_jpg.rf.58887f965952c5704c122ed19f299e87.jpg,257.03357,398.16638,436.4209,426.58594,0.8399910926818848,
214,data/ocr_dataset/train/images/700_jpg.rf.fa03c3f973750f80147cfa98607eb563_plate01.jpg,C:/Users/Farouk/Desktop/S-curit-routi-re-assist-e-par-la-vision-par-ordinateur/data/Tunisian license plate.v2i.yolov8/train/images/700_jpg.rf.fa03c3f973750f80147cfa98607eb563.jpg,201.74689,407.3977,442.82886,442.09595,0.8649605512619019,
215,data/ocr_dataset/train/images/704_jpg.rf.eb3db805ca9d6ecc04af73c78049b5be_plate01.jpg,C:/Users/Farouk/Desktop/S-curit-routi-re-assist-e-par-la-vision-par-ordinateur/data/Tunisian license plate.v2i.yolov8/train/images/704_jpg.rf.eb3db805ca9d6ecc04af73c78049b5be.jpg,301.51508,454.1118,403.02216,490.61105,0.902621328830719,
216,data/ocr_dataset/train/images/707_jpg.rf.36b9db53c454520335eb60a4e2fa586c_plate01.jpg,C:/Users/Farouk/Desktop/S-curit-routi-re-assist-e-par-la-vision-par-ordinateur/data/Tunisian license plate.v2i.yolov8/train/images/707_jpg.rf.36b9db53c454520335eb60a4e2fa586c.jpg,373.41028,216.54948,400.23145,417.77887,0.8359195590019226,
217,data/ocr_dataset/train/images/710_jpg.rf.e8ddcb353441497f2a11eba3d3092616_plate01.jpg,C:/Users/Farouk/Desktop/S-curit-routi-re-assist-e-par-la-vision-par-ordinateur/data/Tunisian license plate.v2i.yolov8/train/images/710_jpg.rf.e8ddcb353441497f2a11eba3d3092616.jpg,214.6699,371.9891,399.18164,396.9434,0.8663446307182312,
218,data/ocr_dataset/train/images/713_jpg.rf.82bf59445d337760843feb6bc5f9fc95_plate01.jpg,C:/Users/Farouk/Desktop/S-curit-routi-re-assist-e-par-la-vision-par-ordinateur/data/Tunisian license plate.v2i.yolov8/train/images/713_jpg.rf.82bf59445d337760843feb6bc5f9fc95.jpg,214.87915,397.3324,416.22668,425.80206,0.8390493392944336,
219,data/ocr_dataset/train/images/714_jpg.rf.80b89d594a0fc40ce17a8eb16575dbf3_plate01.jpg,C:/Users/Farouk/Desktop/S-curit-routi-re-assist-e-par-la-vision-par-ordinateur/data/Tunisian license plate.v2i.yolov8/train/images/714_jpg.rf.80b89d594a0fc40ce17a8eb16575dbf3.jpg,328.69122,509.1599,524.5057,556.57886,0.901570439338684,
220,data/ocr_dataset/train/images/715_jpg.rf.ac4c61f132d03d3160e76a3cb2bb8588_plate01.jpg,C:/Users/Farouk/Desktop/S-curit-routi-re-assist-e-par-la-vision-par-ordinateur/data/Tunisian license plate.v2i.yolov8/train/images/715_jpg.rf.ac4c61f132d03d3160e76a3cb2bb8588.jpg,241.4519,376.48218,427.15515,401.19434,0.8405101895332336,
221,data/ocr_dataset/train/images/717_jpg.rf.b1afa4aad9402da0b32e1fe85c13a986_plate01.jpg,C:/Users/Farouk/Desktop/S-curit-routi-re-assist-e-par-la-vision-par-ordinateur/data/Tunisian license plate.v2i.yolov8/train/images/717_jpg.rf.b1afa4aad9402da0b32e1fe85c13a986.jpg,196.6842,299.26794,312.8371,370.50757,0.918542504310608,
222,data/ocr_dataset/train/images/726_jpg.rf.3c221e3c68b884fe66974f70991e61fd_plate01.jpg,C:/Users/Farouk/Desktop/S-curit-routi-re-assist-e-par-la-vision-par-ordinateur/data/Tunisian license plate.v2i.yolov8/train/images/726_jpg.rf.3c221e3c68b884fe66974f70991e61fd.jpg,359.08966,456.3589,482.9917,520.0146,0.924759805202484,
223,data/ocr_dataset/train/images/728_jpg.rf.9789bbdfd01bfa0cb40774f826456004_plate01.jpg,C:/Users/Farouk/Desktop/S-curit-routi-re-assist-e-par-la-vision-par-ordinateur/data/Tunisian license plate.v2i.yolov8/train/images/728_jpg.rf.9789bbdfd01bfa0cb40774f826456004.jpg,211.69868,418.88086,405.67462,451.44385,0.8555316925048828,
224,data/ocr_dataset/train/images/729_jpg.rf.33ea5de28d5bf33a8a89c314bd421e60_plate01.jpg,C:/Users/Farouk/Desktop/S-curit-routi-re-assist-e-par-la-vision-par-ordinateur/data/Tunisian license plate.v2i.yolov8/train/images/729_jpg.rf.33ea5de28d5bf33a8a89c314bd421e60.jpg,235.93396,362.41098,394.27563,416.7966,0.9091611504554749,
225,data/ocr_dataset/train/images/732_jpg.rf.46666bca11aa9d72d6488fe56d213972_plate01.jpg,C:/Users/Farouk/Desktop/S-curit-routi-re-assist-e-par-la-vision-par-ordinateur/data/Tunisian license plate.v2i.yolov8/train/images/732_jpg.rf.46666bca11aa9d72d6488fe56d213972.jpg,175.64944,347.51556,414.94766,386.08063,0.878182590007782,
226,data/ocr_dataset/train/images/733_jpg.rf.8c0a212ba44af64b84ed4aee87728788_plate01.jpg,C:/Users/Farouk/Desktop/S-curit-routi-re-assist-e-par-la-vision-par-ordinateur/data/Tunisian license plate.v2i.yolov8/train/images/733_jpg.rf.8c0a212ba44af64b84ed4aee87728788.jpg,212.44203,306.48865,415.73523,338.95172,0.8539807796478271,
227,data/ocr_dataset/train/images/739_jpg.rf.09fb76ee3577e32d91a123b9a5ee24bb_plate01.jpg,C:/Users/Farouk/Desktop/S-curit-routi-re-assist-e-par-la-vision-par-ordinateur/data/Tunisian license plate.v2i.yolov8/train/images/739_jpg.rf.09fb76ee3577e32d91a123b9a5ee24bb.jpg,226.87964,486.74408,366.64972,540.16656,0.9050922989845276,
228,data/ocr_dataset/train/images/748_jpg.rf.63a531f8932de986818d293989206f2c_plate01.jpg,C:/Users/Farouk/Desktop/S-curit-routi-re-assist-e-par-la-vision-par-ordinateur/data/Tunisian license plate.v2i.yolov8/train/images/748_jpg.rf.63a531f8932de986818d293989206f2c.jpg,283.72772,425.2547,395.565,458.35718,0.8790096640586853,
229,data/ocr_dataset/train/images/75_jpg.rf.9d1a3ddc029d578164b1e71e46b1a584_plate01.jpg,C:/Users/Farouk/Desktop/S-curit-routi-re-assist-e-par-la-vision-par-ordinateur/data/Tunisian license plate.v2i.yolov8/train/images/75_jpg.rf.9d1a3ddc029d578164b1e71e46b1a584.jpg,247.91643,453.34952,427.09198,480.71,0.8590066432952881,
230,data/ocr_dataset/train/images/760_jpg.rf.8c0ff8f702b51a2f51cb82d8f70eca12_plate01.jpg,C:/Users/Farouk/Desktop/S-curit-routi-re-assist-e-par-la-vision-par-ordinateur/data/Tunisian license plate.v2i.yolov8/train/images/760_jpg.rf.8c0ff8f702b51a2f51cb82d8f70eca12.jpg,273.37164,462.30322,425.26227,504.1792,0.9038110971450806,
231,data/ocr_dataset/train/images/761_jpg.rf.d52eacc888097c13a5e5ca291685de69_plate01.jpg,C:/Users/Farouk/Desktop/S-curit-routi-re-assist-e-par-la-vision-par-ordinateur/data/Tunisian license plate.v2i.yolov8/train/images/761_jpg.rf.d52eacc888097c13a5e5ca291685de69.jpg,201.68942,465.47556,359.31656,509.89536,0.9165230989456176,
232,data/ocr_dataset/train/images/766_jpg.rf.81e91e42afeefce4244c875deae5f4e2_plate01.jpg,C:/Users/Farouk/Desktop/S-curit-routi-re-assist-e-par-la-vision-par-ordinateur/data/Tunisian license plate.v2i.yolov8/train/images/766_jpg.rf.81e91e42afeefce4244c875deae5f4e2.jpg,286.06006,229.43552,312.75305,444.2372,0.8047739267349243,
233,data/ocr_dataset/train/images/767_jpg.rf.02f97a9902ed7e655ddcb396d831f5ef_plate01.jpg,C:/Users/Farouk/Desktop/S-curit-routi-re-assist-e-par-la-vision-par-ordinateur/data/Tunisian license plate.v2i.yolov8/train/images/767_jpg.rf.02f97a9902ed7e655ddcb396d831f5ef.jpg,214.20648,488.07178,385.7929,533.1782,0.8817760348320007,
234,data/ocr_dataset/train/images/76_jpg.rf.12de506741a12625c1749902abac3763_plate01.jpg,C:/Users/Farouk/Desktop/S-curit-routi-re-assist-e-par-la-vision-par-ordinateur/data/Tunisian license plate.v2i.yolov8/train/images/76_jpg.rf.12de506741a12625c1749902abac3763.jpg,214.51334,334.81458,435.3262,373.1963,0.8630611300468445,
235,data/ocr_dataset/train/images/772_jpg.rf.2caf4ce1082d574aae690b01b8e33b83_plate01.jpg,C:/Users/Farouk/Desktop/S-curit-routi-re-assist-e-par-la-vision-par-ordinateur/data/Tunisian license plate.v2i.yolov8/train/images/772_jpg.rf.2caf4ce1082d574aae690b01b8e33b83.jpg,263.85553,524.25696,414.71655,573.21423,0.9206214547157288,
236,data/ocr_dataset/train/images/773_jpg.rf.931e225db6a6580b2fdb77d6be02d73d_plate01.jpg,C:/Users/Farouk/Desktop/S-curit-routi-re-assist-e-par-la-vision-par-ordinateur/data/Tunisian license plate.v2i.yolov8/train/images/773_jpg.rf.931e225db6a6580b2fdb77d6be02d73d.jpg,211.4677,413.07513,401.1795,450.56244,0.8776759505271912,
237,data/ocr_dataset/train/images/774_jpg.rf.f4acb8fd55ff56477b6ba4620cbb1bd4_plate01.jpg,C:/Users/Farouk/Desktop/S-curit-routi-re-assist-e-par-la-vision-par-ordinateur/data/Tunisian license plate.v2i.yolov8/train/images/774_jpg.rf.f4acb8fd55ff56477b6ba4620cbb1bd4.jpg,212.27548,273.23367,416.45493,296.36673,0.8152698874473572,
238,data/ocr_dataset/train/images/774_jpg.rf.f4acb8fd55ff56477b6ba4620cbb1bd4_plate02.jpg,C:/Users/Farouk/Desktop/S-curit-routi-re-assist-e-par-la-vision-par-ordinateur/data/Tunisian license plate.v2i.yolov8/train/images/774_jpg.rf.f4acb8fd55ff56477b6ba4620cbb1bd4.jpg,212.36423,273.47324,346.89444,297.12204,0.3098545372486114,
239,data/ocr_dataset/train/images/777_jpg.rf.bd894f2c92acfee4f71df733401138bc_plate01.jpg,C:/Users/Farouk/Desktop/S-curit-routi-re-assist-e-par-la-vision-par-ordinateur/data/Tunisian license plate.v2i.yolov8/train/images/777_jpg.rf.bd894f2c92acfee4f71df733401138bc.jpg,229.72816,321.82007,420.463,356.09607,0.8561424016952515,
240,data/ocr_dataset/train/images/798_jpg.rf.84737f62da8a8e6a37113e18549a487d_plate01.jpg,C:/Users/Farouk/Desktop/S-curit-routi-re-assist-e-par-la-vision-par-ordinateur/data/Tunisian license plate.v2i.yolov8/train/images/798_jpg.rf.84737f62da8a8e6a37113e18549a487d.jpg,158.5925,334.9411,332.6798,399.16418,0.899196445941925,
241,data/ocr_dataset/train/images/799_jpg.rf.6aa53a81769a9193391e6da11465ec2c_plate01.jpg,C:/Users/Farouk/Desktop/S-curit-routi-re-assist-e-par-la-vision-par-ordinateur/data/Tunisian license plate.v2i.yolov8/train/images/799_jpg.rf.6aa53a81769a9193391e6da11465ec2c.jpg,31.954067,443.1651,127.9722,568.0948,0.9263030886650084,
242,data/ocr_dataset/train/images/818_jpg.rf.25c491dd54c0ff278ca17b43429cc951_plate01.jpg,C:/Users/Farouk/Desktop/S-curit-routi-re-assist-e-par-la-vision-par-ordinateur/data/Tunisian license plate.v2i.yolov8/train/images/818_jpg.rf.25c491dd54c0ff278ca17b43429cc951.jpg,218.34943,468.9256,316.8213,514.1755,0.9055516123771667,
243,data/ocr_dataset/train/images/819_jpg.rf.68f164557069019ff0110755b36e495f_plate01.jpg,C:/Users/Farouk/Desktop/S-curit-routi-re-assist-e-par-la-vision-par-ordinateur/data/Tunisian license plate.v2i.yolov8/train/images/819_jpg.rf.68f164557069019ff0110755b36e495f.jpg,273.472,398.99255,368.4848,455.95837,0.9250617623329164,
244,data/ocr_dataset/train/images/820_jpg.rf.a558a403ece079e723910c5118cfb399_plate01.jpg,C:/Users/Farouk/Desktop/S-curit-routi-re-assist-e-par-la-vision-par-ordinateur/data/Tunisian license plate.v2i.yolov8/train/images/820_jpg.rf.a558a403ece079e723910c5118cfb399.jpg,212.09254,311.18768,388.8805,339.49115,0.8581181764602661,
245,data/ocr_dataset/train/images/821_jpg.rf.327fa227dacc9edf59ca1af875da390e_plate01.jpg,C:/Users/Farouk/Desktop/S-curit-routi-re-assist-e-par-la-vision-par-ordinateur/data/Tunisian license plate.v2i.yolov8/train/images/821_jpg.rf.327fa227dacc9edf59ca1af875da390e.jpg,120.28679,391.55298,206.83168,450.4342,0.9222140312194824,
246,data/ocr_dataset/train/images/822_jpg.rf.a56da50161e0d87f60bd15e0f7d5b413_plate01.jpg,C:/Users/Farouk/Desktop/S-curit-routi-re-assist-e-par-la-vision-par-ordinateur/data/Tunisian license plate.v2i.yolov8/train/images/822_jpg.rf.a56da50161e0d87f60bd15e0f7d5b413.jpg,256.16016,464.1682,453.81885,494.76,0.8563330769538879,
247,data/ocr_dataset/train/images/825_jpg.rf.628ab2ef63a2c40157eba17dbacfa411_plate01.jpg,C:/Users/Farouk/Desktop/S-curit-routi-re-assist-e-par-la-vision-par-ordinateur/data/Tunisian license plate.v2i.yolov8/train/images/825_jpg.rf.628ab2ef63a2c40157eba17dbacfa411.jpg,247.44151,335.81824,401.52954,359.3744,0.8343945145606995,
248,data/ocr_dataset/train/images/832_jpg.rf.b6408d3dc35c6c741d5abd44d7906868_plate01.jpg,C:/Users/Farouk/Desktop/S-curit-routi-re-assist-e-par-la-vision-par-ordinateur/data/Tunisian license plate.v2i.yolov8/train/images/832_jpg.rf.b6408d3dc35c6c741d5abd44d7906868.jpg,515.4509,465.11304,630.9103,532.73145,0.9114543199539183,
249,data/ocr_dataset/train/images/833_jpg.rf.a4faa24faea2906e1a70ab9235439ab6_plate01.jpg,C:/Users/Farouk/Desktop/S-curit-routi-re-assist-e-par-la-vision-par-ordinateur/data/Tunisian license plate.v2i.yolov8/train/images/833_jpg.rf.a4faa24faea2906e1a70ab9235439ab6.jpg,194.448,294.13947,298.85013,360.78534,0.9205914735794068,
250,data/ocr_dataset/train/images/834_jpg.rf.6d9aab28555bc50f2af7ed29b77ca333_plate01.jpg,C:/Users/Farouk/Desktop/S-curit-routi-re-assist-e-par-la-vision-par-ordinateur/data/Tunisian license plate.v2i.yolov8/train/images/834_jpg.rf.6d9aab28555bc50f2af7ed29b77ca333.jpg,249.26724,507.48303,447.6638,556.9874,0.90116149187088,
251,data/ocr_dataset/train/images/840_jpg.rf.ac17e5126ac80e7b0fdbb6e560b427ed_plate01.jpg,C:/Users/Farouk/Desktop/S-curit-routi-re-assist-e-par-la-vision-par-ordinateur/data/Tunisian license plate.v2i.yolov8/train/images/840_jpg.rf.ac17e5126ac80e7b0fdbb6e560b427ed.jpg,170.09778,531.5546,386.26587,590.4266,0.8809386491775513,
252,data/ocr_dataset/train/images/841_jpg.rf.33e71e9484230cef62eeb96921e1e366_plate01.jpg,C:/Users/Farouk/Desktop/S-curit-routi-re-assist-e-par-la-vision-par-ordinateur/data/Tunisian license plate.v2i.yolov8/train/images/841_jpg.rf.33e71e9484230cef62eeb96921e1e366.jpg,218.62383,433.51825,412.36835,498.38568,0.8952494263648987,
253,data/ocr_dataset/train/images/842_jpg.rf.f4e94cc7e96b9774d1375dc6b07c031b_plate01.jpg,C:/Users/Farouk/Desktop/S-curit-routi-re-assist-e-par-la-vision-par-ordinateur/data/Tunisian license plate.v2i.yolov8/train/images/842_jpg.rf.f4e94cc7e96b9774d1375dc6b07c031b.jpg,243.43077,395.06647,374.93762,431.52618,0.8844301700592041,
254,data/ocr_dataset/train/images/846_jpg.rf.891ee8f732e133338e3cadb329c1c41a_plate01.jpg,C:/Users/Farouk/Desktop/S-curit-routi-re-assist-e-par-la-vision-par-ordinateur/data/Tunisian license plate.v2i.yolov8/train/images/846_jpg.rf.891ee8f732e133338e3cadb329c1c41a.jpg,262.21545,335.85168,442.60986,363.95752,0.8639607429504395,
255,data/ocr_dataset/train/images/847_jpg.rf.418588c20af96e0457203c2f17e3e8ff_plate01.jpg,C:/Users/Farouk/Desktop/S-curit-routi-re-assist-e-par-la-vision-par-ordinateur/data/Tunisian license plate.v2i.yolov8/train/images/847_jpg.rf.418588c20af96e0457203c2f17e3e8ff.jpg,266.1064,470.61792,377.1082,503.76965,0.9006693959236145,
256,data/ocr_dataset/train/images/849_jpg.rf.0a559873b4627cfc9bae55ab079bbc67_plate01.jpg,C:/Users/Farouk/Desktop/S-curit-routi-re-assist-e-par-la-vision-par-ordinateur/data/Tunisian license plate.v2i.yolov8/train/images/849_jpg.rf.0a559873b4627cfc9bae55ab079bbc67.jpg,252.22667,581.18445,421.02344,623.01135,0.8846741914749146,
257,data/ocr_dataset/train/images/850_jpg.rf.b37202f16e866e23f88bf11fb30b096a_plate01.jpg,C:/Users/Farouk/Desktop/S-curit-routi-re-assist-e-par-la-vision-par-ordinateur/data/Tunisian license plate.v2i.yolov8/train/images/850_jpg.rf.b37202f16e866e23f88bf11fb30b096a.jpg,196.93542,392.57245,414.081,426.00275,0.8809842467308044,
258,data/ocr_dataset/train/images/852_jpg.rf.90084d471ff810a0848713707cd7abbd_plate01.jpg,C:/Users/Farouk/Desktop/S-curit-routi-re-assist-e-par-la-vision-par-ordinateur/data/Tunisian license plate.v2i.yolov8/train/images/852_jpg.rf.90084d471ff810a0848713707cd7abbd.jpg,198.62148,472.1941,443.35925,502.35754,0.8524207472801208,
259,data/ocr_dataset/train/images/856_jpg.rf.03332aeb3b9924ffaf8960d8722fe550_plate01.jpg,C:/Users/Farouk/Desktop/S-curit-routi-re-assist-e-par-la-vision-par-ordinateur/data/Tunisian license plate.v2i.yolov8/train/images/856_jpg.rf.03332aeb3b9924ffaf8960d8722fe550.jpg,126.29257,367.25824,213.0987,452.0589,0.9141976237297058,
260,data/ocr_dataset/train/images/857_jpg.rf.cc721f09bab5353271cd402a35758248_plate01.jpg,C:/Users/Farouk/Desktop/S-curit-routi-re-assist-e-par-la-vision-par-ordinateur/data/Tunisian license plate.v2i.yolov8/train/images/857_jpg.rf.cc721f09bab5353271cd402a35758248.jpg,419.09973,313.57147,457.83008,351.3423,0.8908292651176453,
261,data/ocr_dataset/train/images/868_jpg.rf.76b654c81ad6142435a98c5e44c12cbd_plate01.jpg,C:/Users/Farouk/Desktop/S-curit-routi-re-assist-e-par-la-vision-par-ordinateur/data/Tunisian license plate.v2i.yolov8/train/images/868_jpg.rf.76b654c81ad6142435a98c5e44c12cbd.jpg,272.41962,411.74405,403.88922,442.08267,0.8681668043136597,
262,data/ocr_dataset/train/images/869_jpg.rf.98890d7976862cbfa3ef43246dc7e7d5_plate01.jpg,C:/Users/Farouk/Desktop/S-curit-routi-re-assist-e-par-la-vision-par-ordinateur/data/Tunisian license plate.v2i.yolov8/train/images/869_jpg.rf.98890d7976862cbfa3ef43246dc7e7d5.jpg,239.21255,458.53436,375.14822,501.5371,0.8891903162002563,
263,data/ocr_dataset/train/images/875_jpg.rf.cf8d3371c36e422293d1cbde93c2588e_plate01.jpg,C:/Users/Farouk/Desktop/S-curit-routi-re-assist-e-par-la-vision-par-ordinateur/data/Tunisian license plate.v2i.yolov8/train/images/875_jpg.rf.cf8d3371c36e422293d1cbde93c2588e.jpg,422.98157,420.5509,557.34265,496.7196,0.9283897876739502,
264,data/ocr_dataset/train/images/878_jpg.rf.2554e026cd4a0863164689ffe622037c_plate01.jpg,C:/Users/Farouk/Desktop/S-curit-routi-re-assist-e-par-la-vision-par-ordinateur/data/Tunisian license plate.v2i.yolov8/train/images/878_jpg.rf.2554e026cd4a0863164689ffe622037c.jpg,242.17255,517.8353,374.7516,560.974,0.9122741222381592,
265,data/ocr_dataset/train/images/879_jpg.rf.82284d42c1ffc313afa18525b62247a1_plate01.jpg,C:/Users/Farouk/Desktop/S-curit-routi-re-assist-e-par-la-vision-par-ordinateur/data/Tunisian license plate.v2i.yolov8/train/images/879_jpg.rf.82284d42c1ffc313afa18525b62247a1.jpg,240.20306,367.8056,455.80457,396.03656,0.8626822233200073,
266,data/ocr_dataset/train/images/881_jpg.rf.45cc5f04e61edd14364b80efed229792_plate01.jpg,C:/Users/Farouk/Desktop/S-curit-routi-re-assist-e-par-la-vision-par-ordinateur/data/Tunisian license plate.v2i.yolov8/train/images/881_jpg.rf.45cc5f04e61edd14364b80efed229792.jpg,181.67523,347.9472,384.08337,382.89758,0.8597584366798401,
267,data/ocr_dataset/train/images/882_jpg.rf.dd5230e0b6bc12a9cfb33aa7ca9d4be4_plate01.jpg,C:/Users/Farouk/Desktop/S-curit-routi-re-assist-e-par-la-vision-par-ordinateur/data/Tunisian license plate.v2i.yolov8/train/images/882_jpg.rf.dd5230e0b6bc12a9cfb33aa7ca9d4be4.jpg,242.59862,452.68884,388.797,490.12048,0.8949437141418457,
268,data/ocr_dataset/train/images/884_jpg.rf.b9f8f8f928a0886e9c60f42b8a76fadd_plate01.jpg,C:/Users/Farouk/Desktop/S-curit-routi-re-assist-e-par-la-vision-par-ordinateur/data/Tunisian license plate.v2i.yolov8/train/images/884_jpg.rf.b9f8f8f928a0886e9c60f42b8a76fadd.jpg,390.62775,403.15384,465.39252,455.03525,0.896295428276062,
269,data/ocr_dataset/train/images/885_jpg.rf.e5c2ac8f2d538175f674daa5287cee23_plate01.jpg,C:/Users/Farouk/Desktop/S-curit-routi-re-assist-e-par-la-vision-par-ordinateur/data/Tunisian license plate.v2i.yolov8/train/images/885_jpg.rf.e5c2ac8f2d538175f674daa5287cee23.jpg,264.98376,496.77887,410.73828,578.5583,0.9279272556304932,
270,data/ocr_dataset/train/images/887_jpg.rf.c476527acac3df4a3c744e1a95d8fee2_plate01.jpg,C:/Users/Farouk/Desktop/S-curit-routi-re-assist-e-par-la-vision-par-ordinateur/data/Tunisian license plate.v2i.yolov8/train/images/887_jpg.rf.c476527acac3df4a3c744e1a95d8fee2.jpg,228.10565,435.1147,400.70587,463.12073,0.86741042137146,
271,data/ocr_dataset/train/images/890_jpg.rf.a29a525c5932aa5615d8338688070cf7_plate01.jpg,C:/Users/Farouk/Desktop/S-curit-routi-re-assist-e-par-la-vision-par-ordinateur/data/Tunisian license plate.v2i.yolov8/train/images/890_jpg.rf.a29a525c5932aa5615d8338688070cf7.jpg,231.68462,571.90405,369.31488,614.47314,0.892045795917511,
272,data/ocr_dataset/train/images/891_jpg.rf.18aa8d24cc22f4721dbd420ea69b5ad0_plate01.jpg,C:/Users/Farouk/Desktop/S-curit-routi-re-assist-e-par-la-vision-par-ordinateur/data/Tunisian license plate.v2i.yolov8/train/images/891_jpg.rf.18aa8d24cc22f4721dbd420ea69b5ad0.jpg,148.15027,443.18518,265.13965,499.53125,0.925736367702484,
273,data/ocr_dataset/train/images/892_jpg.rf.3dbc4f22654b13212b9c1a6787694d10_plate01.jpg,C:/Users/Farouk/Desktop/S-curit-routi-re-assist-e-par-la-vision-par-ordinateur/data/Tunisian license plate.v2i.yolov8/train/images/892_jpg.rf.3dbc4f22654b13212b9c1a6787694d10.jpg,246.19562,394.50626,426.95886,419.4639,0.8323710560798645,
274,data/ocr_dataset/train/images/895_jpg.rf.747673503e7cf8665b58f63275cba1ec_plate01.jpg,C:/Users/Farouk/Desktop/S-curit-routi-re-assist-e-par-la-vision-par-ordinateur/data/Tunisian license plate.v2i.yolov8/train/images/895_jpg.rf.747673503e7cf8665b58f63275cba1ec.jpg,191.23215,309.0879,427.79465,340.99158,0.8747678399085999,
275,data/ocr_dataset/train/images/896_jpg.rf.2ebcd06ade4bc534ed38e1a58c66b0d9_plate01.jpg,C:/Users/Farouk/Desktop/S-curit-routi-re-assist-e-par-la-vision-par-ordinateur/data/Tunisian license plate.v2i.yolov8/train/images/896_jpg.rf.2ebcd06ade4bc534ed38e1a58c66b0d9.jpg,270.20572,522.67847,371.55814,563.6328,0.8782905340194702,
276,data/ocr_dataset/train/images/897_jpg.rf.37610aa97ef5646f0146b994681c3db8_plate01.jpg,C:/Users/Farouk/Desktop/S-curit-routi-re-assist-e-par-la-vision-par-ordinateur/data/Tunisian license plate.v2i.yolov8/train/images/897_jpg.rf.37610aa97ef5646f0146b994681c3db8.jpg,161.93419,407.63702,414.34338,440.64764,0.8420159816741943,
277,data/ocr_dataset/train/images/89_jpg.rf.769629462ffc75ee4207b3dbf80f543b_plate01.jpg,C:/Users/Farouk/Desktop/S-curit-routi-re-assist-e-par-la-vision-par-ordinateur/data/Tunisian license plate.v2i.yolov8/train/images/89_jpg.rf.769629462ffc75ee4207b3dbf80f543b.jpg,192.32587,459.7079,447.70007,537.7335,0.8820422291755676,
278,data/ocr_dataset/train/images/900_jpg.rf.fe89ff9c46eb0d18e4dfa2abef391c70_plate01.jpg,C:/Users/Farouk/Desktop/S-curit-routi-re-assist-e-par-la-vision-par-ordinateur/data/Tunisian license plate.v2i.yolov8/train/images/900_jpg.rf.fe89ff9c46eb0d18e4dfa2abef391c70.jpg,238.0191,341.2812,366.79327,387.91663,0.8929151296615601,
279,data/ocr_dataset/train/images/98_jpg.rf.f568b4fb4b1f8682c9fa2c5513768b92_plate01.jpg,C:/Users/Farouk/Desktop/S-curit-routi-re-assist-e-par-la-vision-par-ordinateur/data/Tunisian license plate.v2i.yolov8/train/images/98_jpg.rf.f568b4fb4b1f8682c9fa2c5513768b92.jpg,249.96289,320.29626,369.27466,348.09546,0.8719354867935181,
280,data/ocr_dataset/train/images/99_jpg.rf.cded0ebbc47928c585620ae08ec528e1_plate01.jpg,C:/Users/Farouk/Desktop/S-curit-routi-re-assist-e-par-la-vision-par-ordinateur/data/Tunisian license plate.v2i.yolov8/train/images/99_jpg.rf.cded0ebbc47928c585620ae08ec528e1.jpg,443.51776,59.054703,498.5163,250.21959,0.849175751209259,
281,data/ocr_dataset/train/images/9_jpg.rf.0ae7d1feef5c199e08843c8302e87cd5_plate01.jpg,C:/Users/Farouk/Desktop/S-curit-routi-re-assist-e-par-la-vision-par-ordinateur/data/Tunisian license plate.v2i.yolov8/train/images/9_jpg.rf.0ae7d1feef5c199e08843c8302e87cd5.jpg,321.63312,199.42552,347.23737,411.90344,0.8029071688652039,
